词语,全拼音,同形,准宾语,定语,形的,状语,形地,很形地,准谓宾,有宾,不,很,前名,动宾,离合,重叠,重叠词性,ABAB,A里AB,ABB,后接,兼类,备注
哀愁,ai1chou2,,,可,,,地,可,,,,,,,,,,,,,,,~文学/她不~是不可能的
哀伤,ai1shang1,,,可,,,地,可,,,,,,,,,,,,,,,~情绪
哀痛,ai1tong4,,,,,,地,可,,,,,,,,,,,,,,,~地埋下了头
矮,ai3,,可,可,,,,,,,,,,,,AA,,,,,,,显得比他妹妹的个头~/个子~~的/~了两公分
矮小,ai3xiao3,,可,可,,,,,,,,,,,,AABB,z,,,,,,~个儿/长得~/稍微~了一点儿/他显得~
爱国,ai4guo2,,,可,,,,,,,,,,VO,,,,,,,者,,~人士/~的行动
碍事,ai4shi4,,,,,,,,,,,,,VO,VO,,,,,,,,碍点事儿/不~的角落
暧昧,ai4mei4,,可,可,,,地,可,,,,,,,,,,,,,,,~[的]关系/~地点了点头/他的态度变得~起来
安定,an1ding4,,可,可,,,地,可,准,,,,,,,AABB,z,,,,,v,保持社会的~/这种~局面必须保持下去/~人心(v)
安分,an1fen4,,可,可,,,地,可,,,,,,,,AABB,z,,,,,,~人家/~地干下去
安静,an1jing4,,可,,,,地,可,准,,,,,,,AABB,z,,,,,,保持办公室的~/~地看书
安乐,an1le4,,可,可,,,地,可,,,,,,,,AABB,z,,,,,,过几天~日子/~地度过晚年/~了一阵子
安谧,an1mi4,,,,,,,,,,,,,,,,,,,,,,树林中的黄昏并不~/~的气氛
安宁,an1ning2,,可,可,,,地,可,,,,,,,,AABB,z,,,,,,~日子/~地睡在床上/恢复了往日的~
安全,an1quan2,,可,可,,可,地,可,准,,,,可,,,AABB,z,,,,性,,生命~/~转移/这里稍微~一点儿/~系数/保证人生的~
安稳,an1wen3,,可,可,,,地,可,,,,,,,,AABB,z,,,,,,睡~了/~的职务/心里~一些/~日子
安闲,an1xian2,,可,可,,,地,可,,,,,,,,,,,,,,,~日子/很~的样子/~地走来走去
安详,an1xiang2,,,,,,地,可,,,,,,,,,,,,,,,~的口气/他~地看了看周围
安心,an1xin1,,可,可,,可,地,可,,,,,,VO,VO,AABB,z,,,,,,安不下心来/吃得很不~/~工作/~地休养/~的时候很少
安逸,an1yi4,,可,,,,地,可,,,,,,,,AABB,z,,,,,,~的日子/他的生活~了一些/安安逸逸读点书
暗,an4,,可,,,可,,,,,,,,,,AA,d,,,,,,~的光线/~想/~下决心
暗淡,an4dan4,,可,,,,,,,,,,,,,AABB,z,,,ABB,,,前景并不~/~的色调
黯淡,an4dan4,,可,,,,,,,,,,,,,AABB,z,,,ABB,,,~的色彩/黯黯淡淡的颜色
肮脏,ang1zang5,,可,可,,,地,,,,,,,,,AABB,z,,里,,,,~的思想/不能肮肮脏脏地过日子
昂贵,ang2gui4,,可,,,,,,,,,,,,,,,,,,,,~的首饰
拗口,ao4kou3,,可,,,,,,,,,,,VO,,,,,,,,,~的文章/这一段话很~
傲慢,ao4man4,,可,可,,,地,可,,,,,,,,,,,,,,,~态度/很~的目光/~地说
奥妙,ao4miao4,,,,,,,,,有,否,,可,,,,,,,,,,宇宙~/这里面有~/~之处/这句话很~
拔尖,ba2jian1,,可,可,,,,,,,,,,VO,,,,,,,,,~人物/他比别人~一点
霸道,ba4dao4,,可,,,,地,可,,,,,,VO,,,,,,,,,~行径(凝固格式)/~的人/~地说
白,bai2,,可,可,,,,,,,,,,,,AA,,,,,,dv,~颜色/~[的]衣服
白净,bai2jing4,,可,,,,,,,,,,,,,AABB,z,,,,,,~的脸儿/~的衬衣
般配,ban1pei4,,可,,,,,,,,,,,,,,,,,,,,他们是~的夫妻
薄,bao2,,可,可,,,,可,,,,,,,,AA,,,,,,,~了一点/很~地涂一层漆/~布/~的衣服
薄情,bo2qing2,,可,,,,地,可,,,,,,VO,,,,,,,,,~的人/~地骂
薄弱,bo2ruo4,,可,可,,,,,,,,,,,,,,,,,,,~环节
饱,bao3,,可,,,可,,,,,,,,,,,,,,,,,~了一点/几乎没有~的时候/~吃了几顿
饱满,bao3man3,,可,,,,,,,,,,,,,,,,,,,,~的情绪
宝贵,bao3gui4,,,可,,,,,,,,,,,,,,,,,,,~文物/~的资料
保暖,bao3nuan3,,可,可,,,,,准,,,,,VO,VO,,,,,,性,,~设备/保点儿暖/注意小孩的~
保险,bao3xian3,,可,可,,,,,,,,,,VO,,,,,,,,vn,~系数/~的地方/这个办法很~/这样做不~/打开~(n)
抱歉,bao4qian4,,,,,,地,可,,,否,,,VO,,,,,,,,,他~地说/~的心情
暴烈,bao4lie4,,可,,,,,,,,,,,,,,,,,,,,性情~了一些/~的野马
暴虐,bao4nve4,,,,,,地,可,,,,,,,,,,,,,,,~的政治/~地剥削农民/这个皇帝十分~
暴躁,bao4zao4,,可,可,,,地,可,,,,,,,,,,,,,,,改改你那~脾气/~地骂起来了
卑鄙,bei1bi3,,,可,,,地,可,,,,,,,,,,,,,,,~小人/~的手段/~地诬陷好人
卑贱,bei1jian4,,可,,,,地,可,,,,,,,,,,,,,,,~的职业/~地跪在地上向别人要钱
卑劣,bei1lie4,,,可,,,地,可,,,,,,,,,,,,,,,~小人/~行径/他~地造谣中伤别人
卑怯,bei1qie4,,,,,,地,可,,,,,,,,,,,,,,,~地望着财主/~的心理
卑下,bei1xia4,,,,,,地,可,,,,,,,,,,,,,,,~地哀求
悲哀,bei1ai1,,,,,,地,可,,,,,,,,,,,,,,,一段~的往事/~地叹息了一声
悲惨,bei1can3,,可,可,,,地,可,,,,,,,,,,,,ABB,,,~的境地/~了一些/他~地离开了人间/~世界
悲观,bei1guan1,,可,可,,,地,可,,,,,,,,,,,,,,,~情绪/~论调/~地说
悲凉,bei1liang2,,,,,,地,可,,,,,,,,,,,,,,,~的日子/~地看着孩子
悲伤,bei1shang1,,可,,,,地,可,,,,,,,,,,,,,,,~的样子/~地叙述事情的经过
悲痛,bei1tong4,,可,,,,地,可,,,,,,,,,,,,,,,~地望着天/她控制不了内心的~/~的心情
悲壮,bei1zhuang4,,,可,,,地,可,,,,,,,,,,,,,,,~场面/~的故事/~地说
被动,bei4dong4,,可,可,,可,地,可,,,,,,,,,,,,,,,~地位/~局面/~出击
笨,ben4,,可,可,,,,可,,,,,,,,,,,,,,,~家伙/~法子
笨重,ben4zhong4,,可,可,,,地,可,,,,,,,,,,,,,,,~[的]家具/~了一些/~地移动着
笨拙,ben4zhuo1,,可,,,,地,可,,,,,,,,,,,,,,,~地转过身去/他~地摇晃着脑袋
逼真,bi1zhen1,,可,,,,地,可,,,,,,VO,,,,,,,,,更~一些/~地刻画了人物心理活动
闭塞,bi4se4,,可,,,,,,,,,,,,,,,,,,,v,~的山村/管道~(v)
蔽塞,bi4se4,,可,,,,,,,,,,,,,,,,,,,v,~的山区
便利,bian4li4,,可,可,,,地,,,,,,,,,,,,,,,v,~[的]条件/可以~地往来/~群众(v)
便宜,pian2yi5,,可,可,,可,地,可,,,,,,,,,,,,,,vn,~东西/~卖了
标致,biao1zhi4,,可,,,,,,,,,,,,,,,,,,,,她那~的脸蛋
憋闷,bie1men5,,可,,,,地,可,,,,,,,,,,,,,,,"~的时候/心里十分~/小李~地坐在一旁,一言不发"
憋气,bie1qi4,,可,,,,,,,,,,,VO,VO,,,,,,,,憋了一肚子气
别扭,bie4niu5,,可,可,,,地,可,,,,,,,,AABB,z,,,,,,~劲儿
别致,bie2zhi5,,可,,,,,,,,,,,,,,,,,,,,一枚~的胸针
蹩脚,bie2jiao3,,可,可,,,,,,,否,,,VO,,,,,,,,,~货/~的裁缝/~了一些
不安,bu4an1,,,,,,地,可,,,否,,,,,,,,,,,,~地看着我/他心中十分~/动乱~的年代
不便,bu4bian4,,,,否,可,,,,有,否,,,,,,,,,,,,~出去/交通~
不错,bu4cuo4,,,,,,,,,,否,,,,,,,,,,,,这是一本~的书
不公,bu4gong1,,,,,,,,,,否,,,,,,,,,,,,~的事还是有的/这件事处理很~
不和,bu4he2,,,,,,,,,,否,,,,,,,,,,,,他俩~/~的原因我们也不清楚
不赖,bu4lai4,,,,,,,,,,否,,,,,,,,,,,,今年的收成~
不力,bu4li4,,,,否,,,,,,否,,,,,,,,,,,,领导~
不满,bu4man3,,,可,,,地,可,准,有,否,,,,,,,,,,,,引起群众的~/~情绪/~地议论起来/~于现状
不妥,bu4tuo3,,,,,,,,,,否,,,,,,,,,,,,这是~的举动
不幸,bu4xing4,,,,,可,地,可,,,否,,,,,,,,,,,,~的消息/~[地]去世了
不周,bu4zhou1,,,,,,,,,,否,,,,,,,,,,,,照顾~
残暴,can2bao4,,可,,,,地,可,,,,,,,,,,,,,,,~的手段/~地镇压群众
残酷,can2ku4,,可,可,,可,地,可,,,,,,,,,,,,,性,,~[的]手段
残忍,can2ren3,,可,,,,地,可,,,,,,,,,,,,,,,~的手段/~地杀害了自己的亲兄弟
惭愧,can2kui4,,,,,,地,可,,,,,,,,,,,,,,,她~地低下了头/很~的样子
惨,can3,,可,可,,,,,,,,,,,,,,,,,,,~相/很~的样子
惨重,can3zhong4,,可,可,,,,,,,,,,,,,,,,,,,~后果/付出~[的]代价/实际损失还要~一些
灿烂,can4lan4,,可,,,,地,,,,,,,,,,,,,,,,~的文化/小花在阳光下~地开放着
仓促,cang1cu4,,可,,,可,地,可,,,,,,,,,,,,,,,~应战/~地走了
苍白,cang1bai2,,可,,,,,,,,,,,,,,,,,,,,脸色显得很~/~的面孔/~了一点
苍老,cang1lao3,,可,,,,,,,,,,,,,,,,,,,,~了一些/~的样子
苍凉,cang1liang2,,,,,,,,,,,,,,,,,,,,,,这里~了一些
嘈杂,cao2za2,,可,,,,地,可,,,,,,,,,,,,,,,~的声音/这伙人~地哄闹着
草率,cao3shuai4,,可,,,可,地,可,,,,,,,,AABB,z,,,,,,~行事/~地写了几句
诧异,cha4yi4,,,,,,地,可,,,,,,,,,,,,,,,~地说/我们都十分~
差,cha4,,可,,,,,,,,,,,,,,,,,,,v,~的学生/成绩很~
差劲,cha4jin4,,可,,,,,,,,,,,VO,,,,,,,,,这个人很~
馋,chan2,,可,可,,,,,,,,,,,,,,,,,,,~的人往往食欲很好/你这个~丫头!
缠绵,chan2mian2,,,,,,,,,,否,,,,,,,,,,,,~的歌声/他唱得很~
缠手,chan2shou3,,,,,,,,,,,,,VO,,,,,,,,,这事儿~极了/~的事太多
昌盛,chang1sheng4,,,,,,,,,,,,,,,,,,,,,,~的祖国
猖獗,chang1jue2,,可,,,,地,可,,,,,,,,,,,,,,,这一带是土匪~的地方/他们~一时
猖狂,chang1kuang2,,可,,,可,地,可,,,,,,,,,,,,,,,敌人又发起了~地进攻/土匪又在~活动
长,chang2,,可,可,,,,,,,,,,,,AA,,,,,度,,~距离/相当~的时间/~~的头发
长寿,chang2shou4,,,可,,,,,,,,,,,,,,,,,,,~老人
长远,chang2yuan3,,可,可,,,,,,,否,,,,,,,,,,,,~目标/~的计划/~[的]打算
常见,chang2jian4,,可,可,,,,,,,,,,,,,,,,,,,~病
常用,chang2yong4,,,可,,,,,,,,,,,,,,,,,性,,~对数
敞亮,chang3liang4,,可,,,,,,,,,,,,,AABB,z,,,,,,~的房间/~一些
怅惘,chang4wang3,,,,,,地,可,,,,,,,,,,,,,,,~地说/~的样子/他十分~
畅快,chang4kuai4,,可,,,,地,可,,,,,,,,AABB,z,ABAB,,,,,"~的心情/~地谈论/畅畅快快地写出来/把这个好消息告诉小李,也让她~~"
畅通,chang4tong1,,可,,,,地,可,准,,,,,,,,,,,,,,货物很~地运行/~的河流/保证交通的~
潮湿,chao2shi1,,可,可,,,,,,,,,,,,,,,,,,,~天气/~的衣服/~了一些
彻底,che4di3,,可,,,可,地,可,,,,,,,,AABB,z,,,,,,~粉碎了敌人的阴谋/~地打扫了一次/~的唯物主义
沉,chen2,,可,,,,,,,,,,,,,AA,,,,,,v,口袋装得~~的/脑袋很~
沉静,chen2jing4,,可,,,,地,可,,,,,,,,,,,,,,,~的夜晚/~地说/~地躺下
沉闷,chen2men4,,可,,,,地,可,,,,,,,,,,,,ABB,,,~的天气/~地思索着/沉闷闷的声音
沉默,chen2mo4,,可,,,,地,,准,,,,,,,,,,,,,,他是一个~的人/~地望着天空/他保持长期的~
沉稳,chen2wen3,,可,,,,地,可,,,,,,,,,,,,,,,他过于~了一些/~的语调/他~地笑着/他沉沉稳稳在这里坐等
沉重,chen2zhong4,,可,,,,地,可,,,,,,,,,,,,,,,~的负担/~地坐了下来/担子~了一些
沉着,chen2zhuo2,,可,,,可,地,可,,,,,,,,,,,,,,,~的表情/~应战/~地回答
陈旧,chen2jiu4,,可,可,,,,,,,,,,,,,,,,,,,~[的]观念/这篇文章的思想十分~
称心,chen4xin1,,可,可,,,,,,,,,,VO,VO,,,,,,,,~事儿/称了心
称职,chen4zhi2,,,,,,,,,,,,,VO,,,,,,,,,干得很~
成功,cheng2gong1,,可,,,,地,可,,,,,,VO,,,,,,,,,~的经验/~地扮演了一个农民
成熟,cheng2shu2,,可,可,,,,,,,,,,,,,,,,,,,~[的]方案/~了一些
诚恳,cheng2ken3,,可,,,,地,可,,,,,,,,AABB,z,,,,,,~的态度/~地希望
诚朴,cheng2pu3,,,,,,,可,,,,,,,,,,,,,,,他那~的样子
诚实,cheng2shi2,,可,,,,地,可,,,,,,,,AABB,z,,,,,,~的人/~地说/他诚诚实实说……
吃亏,chi1kui1,,可,,,,,,,,,,,VO,VO,,,,,,,,~的人/吃了很多亏
吃力,chi1li4,,可,,,,地,可,,,,,,VO,,,,,,,,,~的样子/~地说/他很~地站了起来
吃香,chi1xiang1,,可,,,,,,,,,,,VO,,,,,,,,,~的职业/技术人员很~
迟,chi2,,可,,否,可,,,,,,,,,,AA,d,,,,,,吃了饭再走也不~/~~不到/不要~睡
迟钝,chi2dun4,,可,,,,地,可,,,,,,,,AABB,z,,,,,,~的脑子/~地说/迟迟钝钝地说
迟缓,chi2huan3,,可,,,,地,可,,,,,,,,,,,,,,,~的动作/~地一步一步向前挪
充分,chong1fen4,,可,可,,可,地,可,,,,,,,,,,,,,,,~条件/再准备~一点儿/~[地]考虑
充沛,chong1pei4,,可,,,,,,,,,,,,,,,,,,,,~的精力
充实,chong1shi2,,可,,,,,,,,,,,,,,,,,,,v,这是一篇内容很~的文章/他生活很~
充裕,chong1yu4,,可,,,,,,,,,,,,,,,,,,,,~的时间
充足,chong1zu2,,可,,,,,,,,,,,,,,,,,,,,没有~的理由
崇高,chong2gao1,,,可,,,,,,,,,,,,,,,,,,,~的理想/表现了他舍己为人的~精神
抽象,chou1xiang4,,可,可,,,地,可,,,,,,,,,,,,,性,v,~的理论/~地研究/~概念
惆怅,chou2chang4,,可,,,,地,可,,,,,,,,,,,,,,,~的样子/~地望着远方
稠密,chou2mi4,,可,,,,,,,,,,,,,,,,,,,,人口~的地方
丑,chou3,,可,可,,,,,,,,,,,,,,,,,化,,"~样子/长了一副很~的模样/他人品不错,就是模样~了一点"
丑陋,chou3lou4,,可,可,,,,,,,,,,,,,,,,,,,~形象/~的模样
臭,chou4,,可,可,,,,,,,,,,,,AA,,,,,,,~鸡蛋/搞得~~的
出名,chu1ming2,,,,,,,,,,,,,VO,VO,,,,,,,,他是~的医生/他出了名
出色,chu1se4,,可,可,,可,地,可,,,,,,VO,,,,,,,,,~[的]表现/完成得~点儿
出众,chu1zhong4,,,可,,,,,,,,,,VO,,,,,,,,,~的人材/他是一位身材魁伟的~人物
纯,chun2,,可,可,,,,,,,,,,,,,,,,,,,~文学/~水
纯洁,chun2jie2,,,,,,,,,,,,,,,,,,,,性,v,~的少女/保持心灵的~
纯净,chun2jing4,,可,,,,,,,,,,,,,,,,,,,v,~的泉水/~人们的灵魂(v)
纯朴,chun2pu3,,可,,,,地,可,,,,,,,,,,,,,,,同:淳朴/~地表达了自己的感情
纯真,chun2zhen1,,可,,,,,,,,,,,,,,,,,,,,~的友情/保持爱情的~
纯正,chun2zheng4,,可,,,,,,,,,,,,,,,,,,,,~的花生油
淳朴,chun2pu3,,可,,,,地,可,,,,,,,,,,,,,,,山里人更~一些/小青年~地笑着/~的民风
醇厚,chun2hou4,,可,,,,,,,,,,,,,,,,,,,,香味~
蠢,chun3,,可,可,否,,,可,,,,,,,,,,,,,,,很~的举动/~人/~主意
蠢笨,chun3ben4,,,,,,地,可,,,,,,,,AABB,z,,,,,,这些~的狗熊/~地说
慈祥,ci2xiang2,,,,,,地,可,,,,,,,,,,,,,,,~的态度/~的神情/~地笑了
刺耳,ci4er3,,可,,,,地,可,,,,,,VO,,,,,,,,,~的话不要说了/~地说
刺眼,ci4yan3,,可,,,,,可,,,,,,VO,,,,,,,,,~的太阳光
聪慧,cong1hui4,,,,,,,,,,,,,,,,,,,,,,他是个~的姑娘
聪明,cong1ming5,,可,可,,,地,可,,,,,,,,,,,,,,,~[的]人/~地说
聪颖,cong1ying3,,可,,,,,,,,,,,,,,,,,,,,他~一些了
从容,cong1rong2,,可,,,可,地,可,,,,,,,,AABB,z,,,,,,~就义/他那~的神态/~地回答
凑巧,cou4qiao3,,,,,可,地,可,,,,,,VO,,,,,,,,,~地碰见他了/~的事不会很多
粗,cu1,,可,可,,,,,,,,,,,,AA,,,,,,d,~的竹竿/~毛线/~~地画了两笔
粗暴,cu1bao4,,可,可,,,地,可,,,,,,,,,,,,,,,不能用~态度对待同志/~的行为/~地干涉别人的自由
粗糙,cu1cao1,,可,,,,地,可,,,,,,,,AABB,z,,里,,,,~的大手/~的工艺/~地刷了一层漆
粗犷,cu1guang3,,可,,,,,,,,,,,,,,,,,,,,~的民族/~的笔触
粗陋,cu1lou4,,,,,,地,可,,,,,,,,,,,,,,,~地搭了一间房/~的陈设
粗鲁,cu1lu3,,可,,,,地,可,,,,,,,,,,,,,,,~的性格/~地骂孩子
粗浅,cu1qian3,,可,可,,,地,可,,,,,,,,AABB,z,,,,,,~认识/~[的]道理/~地分析/粗粗浅浅也知道一些
粗率,cu1shuai4,,可,,,可,地,可,,,,,,,,,,,,,,,考虑得很~/~了一点/~的方案/~地决定了/~表态
粗俗,cu1su2,,可,,,,地,可,,,,,,,,,,,,,,,~的语言/~地说
粗心,cu1xin1,,可,可,,,,可,,,,,,,,,,,,,,,~[的]人
粗野,cu1ye3,,可,可,,,地,可,,,,,,,,,,,,,,,~[的]行为/~地骂人
粗壮,cu1zhuang4,,,,,,,,,,,,,,,AABB,z,,,,,,~的小伙子/~的树干
脆弱,cui4ruo4,,可,,,,,,,,,,,,,,,,,,,,~的性格
大,da4,,可,可,,,,可,,,,,,,,AA,,,,,,d,~眼睛/~的房间/很~的提高
大胆,da4dan3,,可,,,可,地,可,,,,,,VO,VO,,,,,,,,~的设想/~干/他大起胆来了
大度,da4du4,,可,,,可,地,可,,,,,,,,,,,,,,,~包容天下事/~地处理/这个人非常~
大方,da4fang1,,可,,,,地,可,,,,,,,,AABB,z,,,,,,很~地自我介绍/~的举动
呆板,ai2ban3,,可,,,,地,可,,,,,,,,,,,,,,,~的笑容/~地模仿/形式~
歹毒,dai3du2,,可,,,,地,可,,,,,,,,,,,,,,,~地骂/他是个~的家伙
单薄,dan1bo2,,可,,,,,,,,,,,,,,,,,,,,~的衣服
单纯,dan1chun2,,可,,,,,,,,,,,,,,,,,,,d,~的想法/~了一点
单调,dan1diao4,,可,,,,地,可,,,,,,,,,,,,,,,~的声音/~地响着
胆大,dan3da4,,可,,,,,可,,,,,,,,,,,,,,,这人很~
胆怯,dan3qie4,,可,,,,地,可,,,,,,,,,,,,ABB,,,~的样子/~地低下了头/胆怯怯地小声说
胆小,dan3xiao3,,可,,,,,,,,,,,,,,,,,,,,~的人
淡,dan4,,可,可,,,,可,,,,,,,,AA,,,,,化,,一杯~酒/~~的口红/~~地批评了几句
淡漠,dan4mo4,,可,,,,地,可,,,,,,,,,,,,,,,~的态度/~地说
倒霉,dao3mei2,,可,可,,,,,,,,,,VO,VO,,,,,,,,~事儿/倒了点小霉
到家,dao4jia1,,,,,,,可,,,,,,VO,,,,,,,,,功夫~的人书法才潇洒
得劲,de2jin4,,,,否,,,,,,,,,VO,,,,,,,儿,,这套工具很~/身体不~
得力,de2li4,,可,可,,,,,,,,,,VO,,,,,,,,,~干将/~的干部
得体,de2ti3,,可,,,,地,可,,,,,,VO,,,,,,,,,~的礼节/很~地笑了笑
得意,de2yi4,,可,可,,,地,可,,,,,,,,,,,,,,,~[的]弟子/~地说
低,di1,,可,可,,可,,,,,,,,,,AA,,,,,,v,~工资/~~地啜泣/飞机~飞绕场一周/~着头(v)
低沉,di1chen2,,可,,,,地,可,,,,,,,,,,,,,,,~的声音/~地问/情绪~了一些
低级,di1ji2,,可,可,,,地,,,,,,,,,,,,,,,,~[的]形式/~地骂街
低廉,di1lian2,,可,,,,地,可,,,,,,,,,,,,,,,~的工资/~地出售
低劣,di1lie4,,可,可,,,,,,,,,,,,,,,,,,,~商品/~的产品
低下,di1xia4,,可,,,,,,,,,,,,,,,,,,,,~的作品
地道,di4dao5,,可,,,,,,,,,,,,,AABB,z,,,,,,味道做得很~/~的傻瓜
典型,dian3xing2,,可,可,,,,,,,,,,,,,,,,,性,n,~[的]人物/~经验
典雅,dian3ya3,,,,,,,,,,,,,,,,,,,,,,~的笔名
刁钻,diao1zuan1,,,,,,地,可,,,,,,,,,,,,,,,~的球路/~地说
丢脸,diu1lian3,,,,,,,,,,,,,VO,VO,,,,,,,,~的事不能干/今天他丢了脸
丢人,diu1ren2,,,,,,,,,,,,,VO,VO,,,,,,,,~的事儿/丢过人
懂事,dong3shi4,,可,,,,地,可,,,,,,VO,,,,,,,,,~的孩子/很~地说
懂行,dong3hang2,,可,,,,地,可,,,,,,VO,,,,,,,,,~地问/~的人
动人,dong4ren2,,,可,,,地,可,,,,,,VO,,,,,,,,,~[的]情景/~地笑着
动听,dong4ting1,,可,,,,地,,,,,,,,,,,,,,,,~的乐曲/~地唱着
陡,dou3,,可,,,,,,,,,,,,,,,,,,,,"山坡很~/这样~的山路,很难走"
毒辣,du2la4,,可,可,,,地,可,,,,,,,,,,,,,,,~[的]手段/~了一些
独到,du2dao4,,,,,,,,,,否,,,,,,,,,,,,~的见解
独特,du2te4,,可,可,,,,,,,,,,,,,,,,,性,,~个性/~的风格/过于~了一些
端正,duan1zheng4,,可,,,,地,可,,,,,,,,AABB,z,,,,,v,坐~了/~的字体/~地摆着
端庄,duan1zhuang1,,可,,,,地,可,,,,,,,,,,,,,,,~的表情/~地坐着
短,duan3,,可,可,,,,,,,,,,,,AA,,,,,,v,~[的]上衣/~~的时间里/~他几块钱(v)
短暂,duan3zan4,,,,,,地,可,,,,,,,,,,,,,,,~地睡2到3个小时/~的人生
对,dui4,,可,,,,,,,,,,,,,,,,,,,pvq,~的地方不多/~了一些
对称,dui4chen4,,可,可,,,地,可,准,,,,,,,,,,,,性,,~[的]图案/~地排列/再~一点/保持~
对路,dui4lu4,,,可,,,,,,,,,,VO,,,,,,,,,~[的]产品
钝,dun4,,可,,,,,,,,,,,,,,,,,,,,~的刀子
多,duo1,,可,可,,,,,,,,,,,,AA,d,,,,,dmv,~漂亮/~民族(国家)/来了很~人/~~指教/~了两个人(v)
多情,duo1qing2,,可,可,,,地,,,,,,,VO,,,,,,,,,~种子/~的女人/~地问候了几句
多心,duo1xin1,,可,,,,地,可,,,,,,VO,VO,,,,,,,,~了一些/~的人/~地问了问/她多了心
恶毒,e4du2,,可,,,可,地,可,,,,,,,,,,,,,,,~的手段/~地咒骂别人/~攻击
恶劣,e4lie4,,可,可,,,,,,,,,,,,,,,,,,,~[的]环境/生活条件~了一点
恶心,e3xin5,,,可,,,,可,,,,,,,,,,,,,,,~劲儿/~的事/真叫人~极了
饿,e4,,可,可,,,,,,,,,,,,,,,,,,v,~狼/我很~
发达,fa1da2,,可,可,,,,,,,,,,,,,,,,,,,~[的]国家/商业很~
乏,fa2,,可,,,,,,,,,,,,,,,,,,,,"~的时候/比昨天~一些/劳动了整整两天,身体太~了"
乏味,fa2wei4,,可,,,,地,可,,,,,,VO,,,,,,,,,~的书/~地读着/~了一点
烦,fan2,,可,,,,,,,,,,,,,,,,,,,v,你也有~的时候/心里很~
烦乱,fan2luan4,,可,,,,地,可,,,,,,,,,,,,,,,~的时候/~地走来走去
烦恼,fan2nao3,,可,,,,地,可,准,有,,,,,,,,,,,,,引起~/内心的~/~地叹了一口气
烦琐,fan2suo3,,可,可,,,,,,,,,,,,,,,,,,,~小事儿/~了一些
烦躁,fan2zao4,,可,可,,,地,可,,,,,,,,,,,,,,,~情绪/~地坐立不安/感到~
繁华,fan2hua2,,可,可,,,,,准,,,,,,,,,,,,,,~[的]地方/扬州一直保持昔日的~
繁忙,fan2mang2,,可,可,,,地,可,,,,,,,,,,,,,,,~[的]景象/~地工作着
繁荣,fan2rong2,,可,可,,,,,准,,,,,,,,,,,,,v,~市场/保持往日的~
繁琐,fan2suo3,,可,可,,,,,,,,,,,,,,,,,,,~哲学/~的小事
繁杂,fan2za2,,可,,,,,,,,,,,,,,,,,,,,~的事情/家务事十分~
繁重,fan2zhong4,,可,,,,,,,,,,,,,,,,,,,,~[的]任务/~的体力劳动
反常,fan3chang2,,可,可,,,地,可,,,,,,VO,,,,,,,,,~[的]态度/~地强硬起来
反感,fan3gan3,,,,,,地,可,准,有,,,,VO,,,,,,,,,"引起了大家的~/对他这种做法,大家都有~/产生~"
方便,fang1bian4,,可,可,,,地,可,,,,,,,,,,,,,,v,~食品/很~地办好了
放荡,fang4dang4,,可,可,,,地,可,,,,,,,,,,,,,,,~行为/~的女人/~地大笑
放松,fang4song1,,可,,,,地,可,,,,,,,,,,,,,,v,~的时候/~地休息
肥,fei2,,可,可,,,,,,,,,,,,AA,,,,,,nv,"~猪/~~的小猪/~了个别人,坑了国家(v)"
肥大,fei2da4,,可,,,,,,,,,,,,,AABB,z,,,,,,~的军衣
肥胖,fei2pang4,,可,可,,,,,,,,,,,,AABB,z,,,,,,~病
肥沃,fei2wo4,,可,可,,,,,,,,,,,,,,,,,,,~[的]土地/再~一点就可以种庄稼了
费工,fei4gong1,,,,,,,,,,,,,VO,VO,,,,,,,,费了不少工
费解,fei4jie3,,,,,,地,可,,,,,,VO,,,,,,,,,~的古诗/~地说
费劲,fei4jin4,,可,,,,地,可,,,,,,VO,,,,,,,儿,,~地说
费事,fei4shi4,,可,,,,地,可,,,,,,VO,VO,,,,,,,,~一点/~地干着
分散,fen1san4,,可,,,可,地,可,,,,,,,,,,,,,,v,~活动/~地活动/布局太~了/~的敌人
纷乱,fen1luan4,,,,,,地,可,,,,,,,,AABB,z,,,,,,~的雪花/~地想着
愤慨,fen4kai3,,,,,,地,可,准,,,,,,,,,,,,,,引起~/~的样子/~地说/矿工们十分~
愤怒,fen4nu4,,可,,,,地,可,准,,,,,,,,,,,,,,"~的火焰,在心中燃烧/~地说……/发泄内心的~"
丰富,feng1fu4,,可,,,,,,,,,,,,,,,,,,,v,~的经验/他有~的想像力
丰满,feng1man3,,可,,,,,,,,,,,,,,,,,,,,~的麦穗/姑娘长得很~
丰美,feng1mei3,,,,,,,,,,,,,,,,,,,,,,~的牧场/~的食品
丰饶,feng1rao2,,,,,,,,,,,,,,,,,,,,,,~的大草原
丰盛,feng1sheng4,,可,,,,,,,,,,,,,,,,,,,,~的晚餐
丰硕,feng1shuo4,,,可,,,,,,,,,,,,,,,,,,,取得了~成果/~的果实
丰裕,feng1yu4,,可,,,,,,,,,,,,,,,,,,,,过着~的生活
风流,feng1liu2,,可,可,,,,,,,,,,,,,,,,,,,~人物/~的事
疯狂,feng1kuang2,,可,可,,可,地,可,,,,,,,,,,,,,,,~劲儿/~的凶手/~地轰炸/~进攻
锋利,feng1li4,,可,,,,,,,,,,,,,,,,,,,,~的小刀
肤浅,fu1qian3,,可,,,,地,可,,,,,,,,,,,,,,,~的体会/~地解释
伏贴,fu2tie1,,可,,否,,,,,,,,,,,AABB,z,,,,,,这张纸黏得很~
浮浅,fu2qian3,,可,,,,地,可,,,,,,,,,,,,,,,~的阅历
浮躁,fu2zao4,,可,,,,地,可,,,,,,,,,,,里,,,,~的表现/很~的人
腐败,fu3bai4,,,可,,,,,,,,,,,,,,,,,,,~现象/防止~
腐朽,fu3xiu3,,,可,,,,,,,,,,,,,,,,,,,~[的]势力/木头~了
负责,fu4ze2,,可,,,,地,可,,,,,,VO,,,,,,,,v,工作干得很~/~的精神/~地来回巡视
复杂,fu4za2,,可,可,,,,,,,,,,,,,,,,,性,,~[的]心情/问题很~
富,fu4,,可,可,,,,,,,,,,,,,,,,,,,~[的]人
富丽,fu4li4,,,,,,,,,,,,,,,,,,,,,,~的住宅/色彩~
富饶,fu4rao2,,可,,,,,,,,,,,,,,,,,,,,~的土地/把祖国建设得更加~美丽
富有,fu4you3,,可,,,,,,,,,,,,,,,,,,,v,~的人家/江南的农民很~/~光荣的革命传统(v)
富裕,fu4yu4,,可,可,,,,,,,,,,,,,,,,,,,~[的]家庭/大家过上~的生活
富足,fu4zu2,,可,,,,,,,,,,,,,,,,,,,,大部分农民都过上了~的日子
干,gan1,,可,可,,,,,,,,,,,,AA,,,,,,vd,~[的]地方/~衣服/不~我的事(v)/~着急(d)
干脆,gan1cui4,,可,可,,可,地,可,,,,,,,,AABB,z,,,,,d,~地回答/干干脆脆回绝了/我喜欢你那~劲儿
干净,gan1jing4,,可,可,,,,,准,,,,,,,AABB,z,ABAB,,,,,保持~/~[的]毛巾/吃得干干净净/彻底、~地消灭敌人
干练,gan4lian4,,可,,,,,,,,,,,,,,,,,,,,~的人才
干燥,gan1zao4,,可,,,,,,准,,,,,,,,,,,,,,~的空气/保持室内~
甘美,gan1mei3,,,,,,,,,,否,否,,,,,,,,,,,~的食品/~的泉水/蜂蜜~可口
甘甜,gan1tian2,,,,,,,,,,否,否,,,,,,,,,,,这种食品~可口
尴尬,gan1ga4,,可,可,,,地,可,,,,,,,,,,,,,,,~局面/~场面/很~地走了
感动,gan3dong4,,,,,,地,可,,,,,,,,,,,,,,v,大家~地流下了热泪/~的声音
感慨,gan3kai3,,可,,,,地,可,准,,否,,,,,,,,,,,v,发出~/~地说/~的语气/他经常~自己不幸的身世(v)
感人,gan3ren2,,可,可,,,,,,,,,,VO,,,,,,,,,~事迹/~的歌声
刚烈,gang1lie4,,,,,,,,,,,,,,,,,,,,,,~的女子/她性格~
刚正,gang1zheng4,,可,,,,,,,,,,,,,,,,,,,,~的男子汉/他为人~
刚直,gang1zhi2,,可,,,,,,,,,,,,,,,,,,,,他是一位~的长者
高,gao1,,可,可,,可,,,,,,,,,,AA,,,,,,,~喊/~个子/~的地方/~~的鼻梁
高傲,gao1ao4,,可,,,,地,可,,,,,,,,,,,,,,,~的家伙/~地摆了摆手
高大,gao1da4,,可,可,,,,,,,,,,,,AABB,z,,,,,,~形象/高高大大的男子汉/他长得十分~
高贵,gao1gui4,,可,可,,,,,,,,,,,,,,,,,,,~[的]品质/这种品格十分~
高级,gao1ji2,,可,可,,,,,,,,,,,,,,,,,,,~[的]动物
高明,gao1ming2,,可,,,,,,,,,,,,,,,,,,,,~的手段/他的医术很~
高尚,gao1shang4,,,可,,,,,,,,,,,,,,,,,,,~[的]品格/这是一种~的思想
高兴,gao1xing4,,可,可,,,地,可,,,,,,,,AABB,z,,,,,,~事儿/~地跳起来/很~地读了你的来信
高雅,gao1ya3,,可,可,,,,,,,,,,,,,,,,,,,~艺术/格调~
高涨,gao1zhang3,,,,,,,,,,,,,,,,,,,,,,~的劳动热情/热情~
革命,ge2ming4,,可,可,,,,可,,,,,,VO,VO,,,,,,性,v,~行动/~的阶级/他很~/他们最~
耿直,geng3zhi2,,可,,,,,,,,,,,,,,,,,,,,~的庄稼人/他很~
工整,gong1zheng3,,可,,,,地,可,,,,,,,,AABB,z,,,,,,~的字迹/~地写上自己的名字
公道,gong1dao5,,可,可,,,地,可,,,,,,,,AABB,z,,,,,,~地说/公公道道地评比/~[的]事/~话
公平,gong1ping2,,可,可,,可,地,可,,,,,,,,AABB,z,,,,,,希望分得公公平平/~交易/~地处理/~竞争
公正,gong1zheng4,,可,,,可,地,可,准,,,,,,,AABB,z,,,,,,~的评价/~地解决问题/保证处理问题的~
恭敬,gong1jing4,,可,可,,,地,可,,,,,,,,AABB,z,,,,,,~劲儿/~的眼光/~地说
巩固,gong3gu4,,,,,,,,,,,,,,,,,,,,,v,得到~/国防很~/~的阵地
孤单,gu1dan1,,可,,,,地,可,,,,,,,,AABB,z,,,ABB,,,~的老人/孤单单一个人/~地生活在农村
孤独,gu1du2,,可,,,,地,可,,,,,,,,,,,,,,,~地呆在家里
孤立,gu1li4,,,,,,地,可,,,,,,,,,,,,,,v,~地看问题/~的事件/她觉得非常~
孤僻,gu1pi4,,可,,,,,,,,,,,,,,,,,,,,~的性格/他变得很~
古,gu3,,,可,否,,,,,,,,,,,,,,,,,,~铜钱
古板,gu3ban3,,可,,,,地,可,,,,,,,,,,,,,,,~的样子/很~地说
古怪,gu3guai4,,可,可,,,地,可,,,,,,,,,,,里,,,,~[的]现象/~地笑了笑
古老,gu3lao3,,可,可,,,,,,,,,,,,,,,,,,,~名曲/~的城市/这片~的土地
古朴,gu3pu3,,可,,,,,,,,,,,,,,,,,,,,~的野趣/风格~
鼓,gu3,,可,,否,,,,,,,,,,,AA,,,,,,nv,口袋很~/书包~~的
固定,gu4ding4,,可,可,,,地,可,,,,,,,,,,,,,性,v,~[的]模式/~地坐在那里
固执,gu4zhi2,,可,,,,地,可,,,,,,,,,,,,,,,~的人/~地摇了摇头
乖僻,guai1pi4,,可,,,,,,,,,,,,,,,,,,,,~的脾气/性情~
乖巧,guai1qiao3,,可,,,,地,可,,,,,,,,,,,,,,,~的小孩/~地说
怪,guai4,,可,可,,,,,,,,,,,,,,,,,,vd,~事/很~的现象/~漂亮的(d)
怪僻,guai4pi4,,可,,,,,,,,,,,,,,,,,,,,~的性格
关切,guan1qie4,,,,,,地,可,,,否,,,,,,,,,,,v,~地问/~的目光/人民~国家前途(v)
管用,guan3yong4,,,,,,,,,,,,,VO,VO,,,,,,,,这种药很~/管点儿用
光,guang1,,可,可,,,,,,,,,,,,AA,,,,,,nvd,~面/很~的剖面/磨得~~的
光彩,guang1cai3,,,可,,,,,,,,,,,,,,,,,,n,~事儿/~[的]场面/太不~
光滑,guang1hua2,,可,,,,,,准,,,,,,,,,,,ABB,,,磨~了/磨得光滑滑的/保持~/很~的地板
光溜,guang1liu5,,可,,,,,,,,,,,,,,,,,ABB,,,~的小石头
光荣,guang1rong2,,,可,,可,地,可,,,,,,,,,,,,,,,~烈属/~[的]家庭/~地牺牲了/~参军
广,guang3,,可,,否,可,,,,,,,,,,,,,,,,,传播得很~/~交朋友
广博,guang3bo2,,,,,,,,,,,,,,,,,,,,,,~的世界/老师的知识~
广泛,guang3fan4,,可,,,可,地,可,,,,,,,,,,,,,,,应用~/~的兴趣/~地征求意见/~了解
广阔,guang3kuo4,,可,可,,,,,,,,,,,,,,,,,,,~天地/~一点儿
诡怪,gui3guai4,,,,,,,,,,,,,,,,,,,,,,~的家伙
贵重,gui4zhong4,,可,可,,,,,,,,,,,,,,,,,,,~[的]物品
果断,guo3duan4,,可,可,,,地,可,,,,,,,,,,,,,,,~[的]行为/~地采取了有力的措施
过分,guo4fen4,,可,,,可,地,,,,,,,VO,,,,,,,,,批评~了/批评得太~/~的事情/~[地]追求
过火,guo4huo3,,可,可,,,地,,,,,,,VO,,,,,,,,,~行为/说了几句~的话/~地批评
过硬,guo4ying4,,可,可,,,,,,,,,,,,,,,,,,,~[的]本领
害臊,hai4sao4,,可,,,,地,可,,,,,,VO,,,,,,,,,~地问
害羞,hai4xiu1,,可,,,,地,可,,,,,,VO,VO,,,,,,,,~的样子/他害起羞来了
憨厚,han1hou4,,可,,,,地,可,,,,,,,,AABB,z,,,,,,~的庄稼人
含糊,han2hu5,,可,,,,地,可,,,,,,,,AABB,z,,,,,,~的话/~的概念/~地问/含含糊糊地说了两句
含混,han2hun4,,可,,,,地,可,,,,,,,,AABB,z,,,,,,~的手势/~地咕哝了一声/写得含含混混
含蓄,han2xu4,,可,,,,地,可,,,,,,,,,,,,,,,~的语言/~地看了她一眼
寒碜,han2chen5,,可,可,,,,,,,,,,,,AABB,z,,,,,v,一副~样子/这个人寒寒碜碜的/那人太~了
寒酸,han2suan1,,可,可,,,,,,,,,,,,,,,,,,,~样子/穿得太~了
豪放,hao2fang4,,可,,,,地,可,,,,,,,,,,,,,,,~的性格/~地笑了起来/文笔~
豪华,hao2hua2,,可,可,,,,,,,,,,,,,,,,,型,,~家具/~别墅/他的生活太~了
豪爽,hao2shuang3,,可,可,,,地,可,,,,,,,,,,,,,,,~的性格/~地答应了/~劲儿
好,hao3,,可,可,,可,,可,,,,,,,,AA,d,,,,,dv,~学生/~人/很~地照顾病人/这个问题很~回答
好看,hao3kan4,,可,,,,,,,,,,,,,,,,,,,,~的东西/~一些/她那身打扮真~
好客,hao4ke4,,,,,,,,,,,,,VO,,,,,,,,,~的习惯/少数民族很~
好奇,hao4qi2,,可,可,,,地,可,,,,,,VO,,,,,,,,,~心/~地问
好强,hao4qiang2,,可,,,,地,可,,,,,,VO,,,,,,,,,~的人/~地接受了任务
好受,hao3shou4,,可,,,,,,,,,,,,,,,,,,,,生病不是一件~的事情/心里很不~
好笑,hao3xiao4,,,,,,,,,,,,,,,,,,,,,,~的样子/这件事太~了
好学,hao4xue2,,可,,,,,,,,,,,VO,,,,,,,,,这个孩子很~/~的学生
浩大,hao4da4,,,,,,,,,,否,,,,,,,,,,,,~的场面/声势~
合法,he2fa3,,,可,,可,地,,,,,,,VO,,,,,,,性,,~得很/~[的]行为/~[地]继承
合理,he2li3,,可,,,可,地,可,,,,,,VO,,,,,,,"性,化",,~的方法/~[地]分配/~使用
合群,he2qun2,,可,,,,,,,,,,,VO,,,,,,,儿,,他是个~的人/这孩子不~
合适,he2shi4,,可,,,,,,,,,,,,,,,,,,,,~的位置/这件衣服很~
合算,he2suan4,,可,,,,,,,,,,,,,,,,,,,,~的交易
和蔼,he2ai3,,可,,,,地,可,,,,,,,,,,,,,,,~的样子/~地说
和缓,he2huan3,,可,,,,,,,,,,,,,,,,,,,v,目前局势~/~一下气氛(v)
和睦,he2mu4,,可,可,,可,地,可,准,,,,,,,AABB,z,,,,,,保持兄弟之间的~/~[的]关系/~[的]家庭/~[地]相处
和气,he2qi5,,可,,,,地,可,,,,,,,,AABB,z,,,,,,~的老班长/~地说
和谐,he2xie2,,可,可,,可,地,可,,,,,,,,,,,,,,,~相处/~[的]气氛/很~地搭配在一起/音调~/感到很~
和煦,he2xu4,,,,,,,,,,,,,,,,,,,,,,~的阳光/春风~
黑,hei1,,可,可,,,,,,,,,,,,AA,,,,,,,~~的大眼睛/~衣服
黑暗,hei1an4,,可,可,,,,,,,,,,,,,,,,,,,~势力/~的地方/更~一些
狠,hen3,,可,,,可,,可,,,,,,,,AA,,,,,,d,特别~的人/~~地咬了他一口/~打
红,hong2,,可,可,,,,,,,,,,,,AA,,,,,,v,~[的]布/~~的脸蛋/~着脸(v)
红润,hong2run4,,可,,,,,,,,,,,,,,,,,,,,~的小脸
宏伟,hong2wei3,,,可,,,,,,,,,,,,,,,,,,,~[的]目标
洪亮,hong2liang4,,可,,,,地,可,,,,,,,,,,,,,,,~的声音/~地回答
厚,hou4,,可,可,,,,,,,,,,,,AA,,,,,,,~[的]玻璃/~~的积雪
厚道,hou4dao4,,可,可,,,地,,,,,,,,,AABB,z,,,,,,~人家/~[的]小伙子/乡下人很~/他~地一笑
糊涂,hu2tu5,,可,可,,,,,,,,,,,,AABB,,,里,,,,弄~了/~[的]人/他糊糊涂涂地过了一辈子
华贵,hua2gui4,,,,,,,,,,,,,,,,,,,,,,~的皮衣/这件衣服很~
华丽,hua2li4,,可,,,,,,,,,,,,,,,,,,,,~的词藻/穿得太~
华美,hua2mei3,,,,,,,,,,,,,,,,,,,,,,房子装饰得很~
滑,hua2,,可,,,,,,,,,,,,,,,,,,,v,很~的路面
滑稽,hua2ji1,,可,可,,,地,可,,,,,,,,,,,,,,,~戏/~相/比想像的还要~一些/他~地说……
滑润,hua2run4,,可,,,,,,,,,,,,,,,,,,,,小孩的肌肤~
划算,hua2suan4,,可,,,,,,,,,,,,,,,,,,,,~的事
坏,huai4,,可,可,,,,,,,,,,,,,,,,,,v,~人/~的习惯/脾气~了一点儿/影响很~
欢,huan1,,,,否,,,,,,否,,,,,,,,,,,,闹得很~
欢畅,huan1chang4,,可,,,,地,可,,,,,,,,AABB,z,,,,,,~的场面/~地跳起舞来了
欢快,huan1kuai4,,可,,,,地,可,,,,,,,,AABB,z,,,,,,~的心情/~地跳起舞来了
欢乐,huan1le4,,,可,,,地,可,,有,,,,,,AABB,z,,,,,,~[的]歌声/~地唱/欢欢乐乐过新年
缓和,huan3he2,,可,,,,,,准,,,,,,,,,,,,,v,~的局面/语气很~/希望~/矛盾得到了[暂时的]~
缓慢,huan3man4,,可,,,可,地,可,,,,,,,,AABB,z,,,,,,~的过程/~地开过去/飞机~飞行
荒凉,huang1liang2,,可,,,,,,,,,,,,,AABB,z,,,,,,~了一点儿/~的景象
荒谬,huang1miu4,,可,,,,地,可,,,,,,,,,,,,,,,~的言论/~地鼓吹
荒唐,huang1tang2,,可,可,,,地,可,,,,,,,,,,,里,,,,~事儿/~地认为
慌,huang1,,可,,否,,,,,,,,,,,,,,,,,v,心里很~
慌乱,huang1luan4,,可,,,,地,可,准,,,,,,,,,,,,,,~的场面/引起~/~地跑起来
慌张,huang1zhang1,,,,,,地,可,,,,,,,,AABB,z,,里,,,,~的神色/~地跑了
黄,huang2,,可,可,,,,,,,,,,,,AA,,,,,,v,~头发/那件事~了(v)
恍惚,huang3hu1,,可,,,可,地,可,,,,,,,,AABB,z,,,,,,~听见了/~[地]看见了/~的眼神
灰心,hui1xin1,,,,,,地,可,,,,,,VO,VO,,,,,,,,~的样子/~地看着天
诙谐,hui1xie2,,可,,,,地,可,,,,,,,,,,,,,,,他是一位~的老师/~地问
辉煌,hui1huang2,,可,可,,,,,,,,,,,,,,,,,,,~[的]事迹/灯火~
晦涩,hui4se4,,可,,,,,,,,,,,,,,,,,,,,~的感觉/~的诗句
浑,hun2,,可,可,,,,,,,,,,,,,,,,,,,~小子/河水很~
浑厚,hun2hou4,,,,,,,,,,,,,,,,,,,,,,~的声音/天性~
浑浊,hun2zhuo2,,可,,,,,,,,,,,,,,,,,,,,~的液体/河水~不堪
混沌,hun4dun4,,,,,,,,,,,,,,,,,,,,,,~的样子
混乱,hun4luan4,,可,可,,,,,准,,,,,,,,,,,,,,~[的]情况/~场面/引发群众的~
豁达,huo4da2,,可,,,,地,可,,,,,,,,,,,,,,,~的人/~地说
豁朗,huo4lang3,,,,,,,,,,,,,,,,,,,,,,他是一位很~的老人
活,huo2,,可,可,,可,,,,,,,,,,AA,d,,,,,dv,~的语言/~地图/~~气死
活泼,huo2po5,,可,,,,地,可,,,,,,,,AABB,z,,,ABB,,,~的孩子/~地跳跃着
活跃,huo2yue4,,可,可,,,,,,,,,,,,,,,,,,v,~分子/~地奔来奔去/思想很~
火暴,huo3bao4,,可,可,,,,,,,,,,,,,,,,,,,这场戏的场面很~/~脾气
机警,ji1jing3,,可,,,,地,可,,,,,,,,,,,,,,,~的头脑/~地说
机灵,ji1ling5,,可,,,,地,可,,,,,,,,,,,,,,,~的孩子/~地闪在一旁
机智,ji1zhi4,,可,,,,地,可,,,,,,,,,,,,,,,~地回答/~的小八路
积极,ji1ji2,,可,可,,可,地,可,,,,,,,,,,,,,性,,~[的]作用/~分子/~[地]发言/小李表现得很~
激昂,ji1ang2,,,,,,地,可,,,否,,,,,,,,,,,,~的曲调/~地说
激动,ji1dong4,,可,,,,地,可,,,,,,,,,,,,,,,~的心情/~地表示
激进,ji1jin4,,可,可,,,,,,,,,,,,,,,,,派,,~分子
激烈,ji1lie4,,可,可,,,地,可,,,,,,,,,,,,,,,~[的]程度/~地争论着
及时,ji2shi2,,,可,,可,地,可,,,,,,,,,,,,,,,~雨/~[地]赶到现场
吉利,ji2li4,,可,可,,,,,,,,,,,,,,,,,,,~话/这么说很不~
急,ji2,,可,可,,可,,,,,,,,,,,,,,,性,,~性子/他~转弯
急促,ji2cu4,,可,,,,地,可,,,,,,,,,,,,,,,~的枪声/~地走了/~了一些
急躁,ji2zao4,,可,,,,地,可,,,,,,,,,,,,,,,~的脾气/~地表态/你太~了
集中,ji2zhong1,,可,,,可,地,,,,,,,,,,,,,,,v,~[地]处理/精力很~
挤,ji3,,可,,,,,,,,,,,,,,,,,,,v,很~的屋子/这趟车特别~
寂寞,ji4mo4,,可,,,,地,可,,,,,,,,,,,,,,,~的原野/~地唱起歌来了/一个人在家太~了
假,jia3,,可,可,,可,,,,,,,,,,,,,,,,,~话/~了一些/~笑/这件事不~/他待人接物太~
尖,jian1,,可,可,,,,,,,,,,,,AA,,,,,,,~下巴/~~的船头
尖刻,jian1ke4,,可,,,,地,可,,,,,,,,,,,,,,,~的语言/~地批评
尖锐,jian1rui4,,可,,,,地,可,,,,,,,,,,,,,,,~的矛盾/~地指出了问题所在/敌我双方矛盾很~
奸猾,jian1hua2,,,,,,地,可,,,,,,,,,,,,,,,~的人/~地说
奸诈,jian1zha4,,,,,,,,,,,,,,,,,,,,,,~的人
坚定,jian1ding4,,可,,,,地,可,,,,,,,,,,,,,性,v,~的信念/~地走下去
坚固,jian1gu4,,可,,,,,,,,,,,,,,,,,,,,~的阵地/希望~一点儿/这座房子十分~
坚决,jian1jue2,,可,,,可,地,可,,,,,,,,,,,,,,,~的行动/~不让/~[地]改正错误
坚强,jian1qiang2,,可,可,,,地,可,,,,,,,,,,,,,,,~[的]毅力/~地活下去/孩子的意志十分~
坚硬,jian1ying4,,可,,,,,,,,,,,,,,,,,,,,~的石头/这里的石头很~
艰巨,jian1ju4,,可,可,,,,,,,,,,,,,,,,,,,~[的]任务/思想工作十分~
艰苦,jian1ku3,,可,可,,可,地,可,,,,,,,,,,,,,,,~生活/要~奋斗/~[地]战斗/工作条件很~
艰难,jian1nan2,,可,,,,地,可,,,,,,,,,,,,,,,~的历程/~地挣扎着/每前进一步都很~
艰深,jian1shen1,,可,,,,,,,,,,,,,,,,,,,,"~的哲理/他的文章~了一些,有些话很难理解"
艰险,jian1xian3,,,,,,,,,有,,,,,,,,,,,,,"~的环境/明知前面有~,越是~越向前"
俭朴,jian3pu3,,可,,,,,,,,,,,,,,,,,,,,保持~/孩子们都很~
检点,jian3dian3,,可,,,,,,,,,,,,,,,,,,,v,他是个很~的人
简单,jian3dan1,,可,,,可,地,可,,,,,,,,AABB,z,,,,,,~的问题/~[地]说了几句/这个道理很~
简短,jian3duan3,,可,,,,地,可,,,,,,,,,,,,,,,~的提要/~地回答
简洁,jian3jie2,,可,,,,地,可,,,,,,,,,,,,,,,~的语言/~地介绍了几句
简练,jian3lian4,,可,,,,地,可,,,,,,,,,,,,,,,~的文笔/~地写出事情的经过
简陋,jian3lou4,,可,,,,,,,,,,,,,,,,,,,,~的小屋/办公室太~了
简略,jian3lve4,,可,,,可,地,可,,,,,,,,,,,,,,,他~陈述了自己的意见/~的事实
简明,jian3ming2,,可,可,,,地,可,,,,,,,,,,,,,,,~中国史/他画了一张~的地图
简易,jian3yi4,,可,可,,,地,可,,,,,,,,,,,,,,,~房子/~设备/采用~的办法
见效,jian4xiao4,,可,,,,,,,,,,,VO,,,,,,,,,~的药
贱,jian4,,可,可,,可,,可,,,,,,,,,,,,,,,~卖了/~人/~[的]东西/很~地依偎在别人的脚下
健康,jian4kang1,,可,可,,可,地,可,准,,,,,,,,,,,,,,~[的]体魄/~地活着/~[地]成长/~一些
健全,jian4quan2,,可,,,,,,,,,,,,,,,,,,,v,~的肌体/~的规章制度/应该更~一些
健谈,jian4tan2,,可,,,,,,,,,,,,,,,,,,,,~的人/我的导师很~
健忘,jian4wang4,,,,,,,,,,,,,,,,,,,,,,小李很~
健壮,jian4zhuang4,,可,,,,,,,,,,,,,,,,,,,,~的麦苗/~的身体
僵,jiang1,,可,,否,,,,,,否,,,,,,,,,,化,,他俩关系很~
僵硬,jiang1ying4,,,,,,地,可,,,,,,,,,,,,,,,~的手/~的态度/~地躺在地上
娇,jiao1,,可,可,否,,,可,,,,,,,,,,,,,,,~妻
娇媚,jiao1mei4,,,,,,地,可,,,,,,,,,,,,,,,~的女人/~地笑了笑
娇嫩,jiao1nen4,,可,,,,,,,,,,,,,,,,,,,,~的鲜花/你的身体太~了
娇娆,jiao1rao2,,,,,,,,,,,,,,,,,,,,,,~的女孩/体态~
娇小,jiao1xiao3,,可,,,,,,,,,,,,,,,,,,,,~的野菊花/~的南方姑娘
娇羞,jiao1xiu1,,,,,,地,可,,,,,,,,,,,,,,,~的样子/~地低下头去
娇艳,jiao1yan4,,,,,,,,,,,,,,,,,,,,,,~的牡丹花/姑娘的容貌~
骄傲,jiao1ao4,,可,,,,地,可,,,,,,,,,,,,,,,~的人/~地昂着头/值得你那样的~/失掉平日的~
骄横,jiao1heng4,,可,,,,地,可,,,,,,,,,,,,,,,~的神情/~地宣称
焦急,jiao1ji2,,可,,,,地,可,,,,,,,,,,,,,,,~的心情/~地踱来踱去
狡猾,jiao3hua2,,可,,,,地,可,,,,,,,,,,,,,,,~的狐狸/~地眯着眼睛
狡黠,jiao3xia2,,可,,,,地,可,,,,,,,,,,,,,,,~的目光/~地笑着
矫健,jiao3jian4,,,,,,地,可,,,,,,,,,,,,,,,~的步伐/~地走过去/~地盘旋
杰出,jie2chu1,,,可,,,,,,,,,,,,,,,,,,,~人物/~的活动家
洁净,jie2jing4,,可,,,,,,,,,,,,,,,,,,,,~的湖水/~的心情
结实,jie1shi5,,可,,,,,,,,,,,,,AABB,z,,,,,,"~的身躯/现在的工艺品好看,但不~"
解馋,jie3chan2,,,,,,,,,,,,,VO,VO,,,,,,,,~的时候/今天这一顿大虾真~
解恨,jie3hen4,,,,,,地,可,,,,,,VO,VO,,,,,,,,~地说/解了心头之恨
矜持,jin1chi2,,可,,,,地,可,,,,,,,,,,,,,,,"~地说/~的神态/在众人面前,往往要~一些"
紧,jin3,,可,,否,可,,,,,,,,,,AA,d,,,,,v,~~地咬着/眼睛~盯着他
紧凑,jin3cou4,,可,,,,地,可,,,,,,,,AABB,z,,,,,,把字写~一些/~的布局/~地排列在一起
紧迫,jin3po4,,,,,,,,,,,,,,,,,,,,,,~的任务/时间十分~
紧俏,jin3qiao4,,,可,,,,,,,,,,,,,,,,,,,~[的]商品/这种食品很~
紧张,jin3zhang1,,可,可,,可,地,可,,,,,,,,AABB,z,,,,,,~阶段/~的目光/~地望着水面/~收割
谨慎,jin3shen4,,可,,,可,地,可,,,,,,,,AABB,z,,,,,,很~的人/~[地]处理/保持~/他办事很~
尽心,jin4xin1,,可,,,可,地,可,,,,,,VO,VO,,,,,,,,~干事儿/~地干/~工作/他尽到心了
近,jin4,,可,可,,可,,,,,,,,,,,,,,,,vd,~距离/~路/~看才能看清/会议已~尾声(v)
惊诧,jing1cha4,,,,,,地,可,,,,,,,,,,,,,,,~地说/~的事
惊慌,jing1huang1,,可,,,,地,可,,,,,,,,AABB,z,,,,,,~的目光/~地逃走了/他惊惊慌慌地走了
惊奇,jing1qi2,,可,,,,地,可,,,,,,,,,,,,,,,~的现象/~地问道
惊人,jing1ren2,,,,,,地,,,,,,,VO,,,,,,,,,~的消息/~地相似
惊喜,jing1xi3,,可,,,,地,可,,,,,,,,,,,,,,,~的样子/~地说/全家人万分~
惊讶,jing1ya4,,可,,,,地,可,,,,,,,,,,,,,,,~的目光/很~地问
精,jing1,,可,可,否,,,,,,,,,,,,,,,,,,~饲料/很~的小伙子/~一些/他太~了/语文课要~讲
精辟,jing1pi4,,可,可,,,地,可,,,,,,,,,,,,,,,~[的]见解/~地分析/他的论断十分~
精彩,jing1cai3,,可,可,,,地,可,,,,,,,,,,,,,,,~[的]节目/~地演唱
精干,jing1gan4,,可,,,,,,,,,,,,,,,,,,,,~的队伍
精悍,jing1han4,,可,,,,,,,,,,,,,,,,,,,,~的青年人/~的杂文/文笔~
精练,jing1lian4,,可,,,,地,可,,,,,,,,,,,,,,,~的语言/~地阐述了自己的观点
精美,jing1mei3,,可,,,,,,,,,,,,,,,,,,,,~的工艺品
精密,jing1mi4,,可,可,,,地,可,,,,,,,,,,,,,,,~仪器/~地测量
精明,jing1ming2,,可,,,,地,可,,,,,,,,,,,,,,,~的人/~地判断
精巧,jing1qiao3,,可,,,,地,可,,,,,,,,,,,,,,,~的手工艺品/~地雕刻
精确,jing1que4,,可,,,可,地,可,,,,,,,,,,,,,,,~的数据/~[地]计算
精心,jing1xin1,,可,,,可,地,可,,,,,,,,,,,,,,,再~一点/~[地]施工
精湛,jing1zhan4,,可,可,,,,,,,,,,,,,,,,,,,~的球艺/他的医术~
精致,jing1zhi4,,可,,,,,,,,,,,,,,,,,,,,~的工艺品
景气,jing3qi4,,,,,,,,,,,,,,,,,,,,,,不~的行业/这几年生意很不~
净,jing4,,,可,,,,,,,,,,,,,,,,,化,d,~利/这一盆是~水
静,jing4,,可,,,可,,,,,,,,,,AA,d,,,,,,只能~躺着/~的景物/~~等候
窘促,jiong3cu4,,,,,,地,可,,,否,,,,,,,,,,,,~地走了
窘迫,jiong3po4,,,,,,地,可,,,,,,,,,,,,,,,~的境地/~地站在门口
久,jiu3,,可,,,可,,,,,,,,,,AA,d,,,,,,~等/很~的时间/~~不能平静
旧,jiu4,,可,可,,,,,,,,,,,,,,,,,,,~社会/~[的]传统
拘谨,ju1jin3,,可,,,,地,可,,,,,,,,,,,,,,,~的样子/~地介绍了这里的情况
拘束,ju1shu4,,可,,,,地,可,,,,,,,,AABB,z,,,,,,~的神情/~地坐着
沮丧,ju3sang4,,可,,,,地,可,,,,,,,,,,,,,,,~的样子/~地说
具体,ju4ti3,,可,可,,可,地,可,,,,,,,,,,,,,,,~[的]情况/~[地]反映/~[地]了解情况
剧烈,ju4lie4,,可,可,,,地,可,,,,,,,,,,,,,,,~运动/~地颠簸着/~的思想斗争
娟秀,juan1xiu4,,,,,,,,,,,,,,,,,,,,,,字写得很~/~的毛笔字
绝对,jue2dui4,,,可,,可,地,可,,,否,,,,,,,,,,化,d,说得太绝对了/~真理/~[的]权威/~[地]服从
绝望,jue2wang4,,,,,,地,可,,,,,,,,,,,,,,,~地摇了摇头
倔强,jue2jiang4,,可,,,,地,可,,,,,,,,,,,,,,,~的家伙/~地站着
均匀,jun1yun2,,可,,,,地,可,,,,,,,,AABB,z,,,,,,~的颜色/将种子~地撒在田里/洒得均均匀匀
俊美,jun4mei3,,,,,,,,,,,,,,,,,,,,,,~的眼睛/容貌十分~
俊俏,juan4qiao4,,,,,,,,,,,,,,,,,,,,,,~的脸蛋
峻峭,jun4qiao4,,,,,,,,,,,,,,,,,,,,,,~的山势/大山十分~
开化,kai1hua4,,可,,,,,,,,,,,,,,,,,,,,~的地区
开阔,kai1kuo4,,可,可,,,,,,,,,,,,,,,,,,v,~[的]地带
开朗,kai1lang3,,可,,,,地,可,,,,,,,,,,,,,,,~的老人/~地笑起来/这个姑娘很~
开明,kai1ming2,,可,可,,,,,,,,,,,,,,,,,,,~绅士/~的领导
开通,kai1tong5,,可,,,,,,,,,,,,,,,,,,,,~的老人/他思想很~
开胃,kai1wei4,,,,,,,,,,,,,VO,,,,,,,,,~的药
开心,kai1xin1,,可,可,,,地,可,,,,,,VO,VO,AABB,z,ABAB,,,,,~事儿/~地跳起来
慷慨,kang1kai3,,可,,,可,地,可,,,,,,,,,,,,,,,~捐赠/~地宣读了自己的誓言
苛刻,ke1ke4,,可,可,,,地,可,,,,,,,,,,,,,,,~条件/~地要求
科学,ke1xue2,,可,可,,,地,可,,,,,,,,,,,,,性,n,~[的]态度/~地分析
可爱,ke3ai4,,可,,,,,,,,,,,,,,,,,,,,~的祖国/这孩子很~
可悲,ke3bei1,,,,,,,,,,,,,,,,,,,,,,~的结局
可耻,ke3chi3,,,可,,,地,可,,,,,,,,,,,,,,,~[的]行为/他~地投降了敌人
可恶,ke3wu4,,,,,,地,,,,,,,,,,,,,,,,"~的家伙/这个孩子很淘气,真~/~地说个没完"
可观,ke3guan1,,,,,,,,,,,,,,,,,,,,,,~的收入/这个数目很~
可贵,ke3gui4,,,,,,,,,,,,,,,,,,,,,,~的经验/这种精神太~
可敬,ke3jing4,,,,,,,,,,,,,,,,,,,,,,~的老师
可靠,ke3kao4,,可,,,,,,,,,,,,,,,,,,性,,~的朋友
可口,ke3kou3,,可,,,,,,,,,,,,,,,,,,,,这道菜做得很~/~的饭菜
可怜,ke3lian2,,可,,,,地,可,,,,,,,,,,,,,,v,~的小人/~地跪在地上求饶/他很~
可怕,ke3pa4,,,,,,地,可,,,,,,,,,,,,,,,~的疾病/~地叫起来/非常~地出现在眼前
可体,ke3ti3,,可,,,,,,,,,,,,,,,,,,,,衣服做得很~/~的衣服
可惜,ke3xi1,,,,,,,,,,,,,,,,,,,,,v,"~的事情/浪费这么多时间,太~了"
可笑,ke3xiao4,,,,,,地,可,,,,,,,,,,,,,,,~的事/~地说/很~地说了一番
可信,ke3xin4,,,,,,,,,,,,,,,,,,,,度,,话说得很~/~的广告不多
可行,ke3xing2,,,,,,,,,,,,,,,,,,,,性,,~的方案
可疑,ke3yi2,,,可,,,地,,,,,,,,,,,,,,,,~之处/~的人/~地盯着他
渴,ke3,,可,,,,,,,,,,,,,,,,,,,,~的时候
刻板,ke4ban3,,可,可,,,地,可,,,,,,,,,,,,,,,~态度/~文字/~的格式/~地照搬
刻薄,ke4bo2,,可,,,,地,可,,,,,,,,,,,,,,,~的语言/~地挖苦他
刻苦,ke4ku3,,可,,,可,地,可,,,,,,,,,,,,,,,~的小孩/~学习/~[地]钻研
客观,ke4guan1,,可,可,,,地,可,,,,,,,,,,,,,性,n,~[的]条件/~地介绍/应该尽量~一些
客气,ke4qi5,,可,可,,,地,可,,,,,,,,AABB,z,,,,,,~话/~地问/客客气气地说
肯定,ken3ding4,,可,可,,可,地,可,,,,,,,,,,,,,,v,很~的答复/~地回答/情况~是有利的(d)
恳切,ken3qie4,,可,,,,地,可,,,,,,,,AABB,z,,,,,,~的言词/~地希望
空,kong1,,可,可,,,,,,,,,,,,AA,,,,,,dv,~[的]箱子/屋子里面~~的/~着肚子(v)
空泛,kong1fan4,,,,,,地,可,,,,,,,,,,,,,,,~的议论/~地希望
空旷,kong1kuang4,,可,,,,,,,,,,,,,AABB,z,,,ABB,,,~的原野/院子里空旷旷的/这里~点儿
空虚,kong1xu1,,可,,,,,可,,,,,,,,,,,,,,,~的灵魂/~一点儿
恐怖,kong3bu4,,,可,,,地,可,,,,,可,,,,,,,,,,政治~/白色~/~分子/~的神色/~地发抖
恐慌,kong3huang1,,可,,,,地,可,准,,,,,,,,,,,,,,引起~/~的神色/她~地哭起来/~了一些
恐惧,kong3ju4,,可,可,,,地,可,准,,,,,,,,,,,,症,,~[的]心理/引起群众的~/~地说
枯涩,ku1se4,,,,,,,,,,,,,,,,,,,,,,文章写得很~/~的文字
枯燥,ku1zao4,,可,,,,地,可,,,,,,,,,,,,,,,~的数字/~地批判/~一些
苦,ku3,,可,可,,可,,,,,,,,,,AA,d,,,,,vn,~笑/~[的]药/~~[地]思索着/这种药丸很~
苦闷,ku3men4,,可,,,,地,可,,,,,,,,,,,,,,,~的心情/~地躺在床上
苦恼,ku3nao3,,可,,,,地,可,,有,,,,,,,,,,,,,~的样子/~地离开了家
苦涩,ku3se4,,,,,,地,可,,,,,,,,,,,,,,,~的味道/~的童年/~地笑
快,kuai4,,可,可,,可,,可,,,,,,,,AA,d,,,,,d,她做事~/很~恢复了健康/很~的速度/很~地处理/~~[地]走
快活,kuai4huo5,,可,,,,地,可,,,,,,,,AABB,z,ABAB,,,,,~的日子/~地跳起来/快快活活地过一辈子
快乐,kuai4le4,,可,,,,地,可,,,,,,,,AABB,z,,,,,,~的小天使/~地唱
宽,kuan1,,可,可,,,,,,,,,,,,AA,,,,,度,,~[的]马路/~~的河面
宽敞,kuan1chang5,,可,可,,,,,,,,,,,,AABB,z,,,,,,~[的]地方/宽宽敞敞的教室
宽绰,kuan1chuo5,,可,,,,,,,,,,,,,AABB,z,,,,,,生活过得还~/~的院落/宽宽绰绰的院子
宽大,kuan1da4,,可,,,,,,,,,,,,,AABB,z,,,,,,~的芭蕉叶/衣服做得宽宽大大的
宽广,kuan1guang3,,可,可,,,,,,,,,,,,,,,,,,,~[的]大道
宽厚,kuan1hou4,,可,,,,地,可,,,,,,,,AABB,z,,,,,,~的胸膛/~地说
宽阔,kuan1kuo4,,可,可,,,,,,,,,,,,,,,,,,,~[的]胸怀/~的河面
宽松,kuan1song1,,可,,,,,,,,,,,,,,,,,,,,~的衬衣/心里~多了
宽心,kuan1xin1,,可,,,,地,可,,,,,,VO,VO,,,,,,,,~的事/~地说
宽裕,kuan1yu4,,可,,,,,,,,,,,,,,,,,,,,现在手头变得~多了/~的人家
狂,kuang2,,,,否,可,,,,,,,,,,,,,,,,,这么~的人/~喊/~叫
狂热,kuang2re4,,可,可,,,地,可,,,,,,,,,,,,,,,~分子/~的时候/~地要求……
狂妄,kuang2wang4,,可,,,,地,可,,,,,,,,,,,,,,,~的神态/~地想
魁梧,kui2wu2,,,,,,,,,,,,,,,,,,,,,,~的汉子/这人很~
愧疚,kui4jiu4,,可,,,,地,可,,有,,,,,,,,,,,,,~的样子/~地说/他内心有~
困,kun4,,可,,,,,,,,,,,,,,,,,,,v,我太~了/~的时候/他们被洪水~着(v)
困惑,kun4huo4,,,,,,地,可,,,,,,,,,,,,,,,~的神情/~地皱着眉头
困倦,kun4juan4,,,,,,地,可,,,,,,,,,,,,,,,~的样子/~地打着哈欠
困难,kun4nan5,,可,可,,,地,可,,有,,,,,,,,,,,,,~时期/~[的]条件/~地喘着气
阔,kuo4,,可,可,,,,,,,,,,,,,,,,,,,~少爷/~的人
阔绰,kuo4chuo4,,可,,,,,,,,,,,,,AABB,z,,,,,,~的人/混得阔阔绰绰
阔气,kuo4qi5,,可,,,,,,,,,,,,,,,,,,,,~的人/他喜欢摆~
邋遢,la1ta1,,可,,,,,,,,,,,,,AABB,z,,里,,,,~样儿/~的人/穿得邋里~的
辣,la4,,可,可,,,,,,,,,,,,,,,,,,,~白菜/~的豆腐
辣手,la4shou3,,可,,,,,,,,,,,,,,,,,,,,"这步棋真~/这么~的事,真难办"
蓝,lan2,,可,可,,,,,,,,,,,,AA,,,,,,,~[的]衣服/~~的天空
懒,lan3,,可,可,,可,,,,,,,,,,,,,,,,,~[的]人/~的孩子/~做工
懒惰,lan3duo4,,,,,,,,,,,,,,,,,,,,,,~的小孩
懒散,lan3san3,,可,,,,地,可,,,,,,,,AABB,z,,,,,,"~的家伙/他~地站起来,打了个哈欠"
烂,lan4,,可,可,,,,,,,,,,,,AA,,,,,,v,~[的]面条/炖得~~的/~了一斤梨(v)
滥,lan4,,,,否,可,,,,,否,,,,,,,,,,,,~用职权
狼狈,lang2bei4,,,,,可,地,可,,,,,,,,,,,,,,,~的景象/~逃窜/~地走了
浪漫,lang4man4,,可,可,,,地,可,,,,,,,,,,,,,,,表现得很~/~情调/~地生活
劳累,lao2lei4,,可,,,,,,,,,,,,,,,,,,,,~的工作/他~极了
牢,lao2,,可,,否,可,,可,,,,,,,,AA,,,,,,,~记/~~地记住
牢固,lao2gu4,,可,,,可,地,可,,,,,,,,,,,,,,,~的友谊/~地结合/~树立
牢靠,lao2kao5,,可,,,,,,,,,,,,,AABB,z,,,,,,~的家具
老,lao3,,可,可,,,,,,,,,,,,AA,,,,,化,dhk,~[的]玉米/南瓜还没有长~
老成,lao3cheng2,,可,,,,地,可,,,,,,,,,,,,,,,~的弟子/~地说
老练,lao3lian4,,可,,,,地,可,,,,,,,,,,,,,,,~的工人/~地干
老实,lao3shi5,,可,可,,可,地,可,,,,,,,,AABB,z,,,,,,为人~、正派/~[的]人/~[地]说/老老实实地干
潦草,liao3cao3,,可,,,,地,可,,,,,,,,AABB,z,,,,,,~的信/~地写字/潦潦草草对付过去了
乐观,le4guan1,,可,,,,地,可,准,,,,,,,,,,,,,,~的态度/~地估计/保持~
累,lei4,,可,可,,,,,,,,,,,,,,,,,,v,~活儿/这人太~了
冷,leng3,,可,可,,,,,,,,,,,,AA,,,,,,,~~地说/~空气/~的东西少吃一些
冷淡,leng3dan4,,可,,,,地,可,,,,,,,,AABB,z,,,,,v,~的面孔/~地看了一眼/~了顾客(v)
冷静,leng3jing4,,可,,,可,地,可,准,,,,,,,AABB,z,ABAB,,,,,保持~/~的头脑/~[地]思考
冷酷,leng3ku4,,可,,,,地,可,,,,,,,,,,,,,,,~的心/~地说
冷漠,leng3mo4,,可,,,,地,可,,,,,,,,,,,,,,,表现得很~/~的态度/~地转身走了
冷僻,leng3pi4,,可,可,,,,,,,,,,,,,,,,,,,~字
冷清,leng3qing1,,可,,,,,,,,,,,,,AABB,z,,,,,,~的夜晚
理想,li3xiang3,,,可,,,,,,,,,,,,,,,,,,n,~[的]天气/~的境界
厉害,li4hai5,,可,,,,地,可,,,,,,,,,,,,,,,~的班长/很~地说
利索,li4suo5,,可,,,,地,可,,,,,,,,AABB,z,,,,,,~的人/~地跳过去了
连贯,lian2guan4,,可,,,,地,可,准,,,,,,,,,,,,性,,保持~/~地读下去/上下句的意思不~
廉洁,lian2jie2,,可,可,,,地,可,准,,,,,,,,,,,,,,~政府/~的干部/他很~地工作了几十年/保持为官的~
凉,liang2,,可,可,,,,,,,,,,,,AA,,,,,,,~汗/~[的]开水/小手~~的
凉快,liang2kuai5,,可,可,,,,,,,,,,,,AABB,z,ABAB,,,,,~[的]时候/凉凉快快地睡一觉/到外面~~去
凉爽,liang2shuang3,,可,可,,,,,,,,,,,,,,,,,,,~天气/~的晚风
亮,liang4,,可,,,,,,,,,,,,,AA,,,,,,v,~的地方/擦得~~的/这个房间很~
亮堂,liang4tang5,,可,,,,,,,,,,,,,AABB,z,,,ABB,,,~的地方/屋子亮堂堂
辽阔,liao2kuo4,,,,,,,,,,,,,,,,,,,,,,~的草原/~的天空
烈,lie4,,可,可,否,,,,,,,,,,,,,,,,性,,~性子/这种酒太~
凛冽,lin3lie4,,,,,,,,,,否,否,,,,,,,,,,,~的寒风
吝啬,lin4se4,,可,,,,地,可,,,,,,,,,,,,,,,~的财主/~地拿出1角钱
伶俐,ling2li4,,可,,,,地,可,,,,,,,,AABB,z,,,,,,~的口齿/~地回答/聪明~的小演员
灵便,ling2bian5,,可,,,,地,可,,,,,,,,,,,,,,,~的身子/~地走来走去
灵活,ling2huo2,,可,,,可,地,可,,,,,,,,,,,,,性,,~的动作/~地跳来跳去/~运用
灵敏,ling2min3,,可,,,,地,可,,,,,,,,,,,,,,,~的报警器/~地做出反映
灵巧,ling2qiao3,,可,,,,地,可,,,,,,,,,,,,,,,~的双手/~地变换着每一种动作
灵验,ling2yan4,,,,,,,,,,,,,,,,,,,,,,"~的药方/这种药很~,感冒一吃就好"
凌乱,ling2luan4,,可,,,,地,可,,,,,,,,,,,,,,,~的思绪/~地放着
零乱,ling2luan4,,可,,,,地,可,,,,,,,,,,,,,,,~的物品/书很~地摊着
零散,ling2san3,,可,可,,,地,可,,,,,,,,AABB,z,,,,,,~[的]东西/~地放着/零零散散的住户
零碎,ling2sui4,,可,可,,,地,可,,,,,,,,AABB,z,,,,,,~[的]材料/~地讲了几段经历
流畅,liu2chang4,,可,,,,地,可,,,,,,,,,,,,,,,~的北京话/~地背诵古文/李先生的文笔很~
流利,liu2li4,,可,,,,地,可,,,,,,,,,,,,,,,~的诗句/~地说英语
流行,liu2xing2,,可,可,,,,,,,,,,,,,,,,,性,v,~歌曲/~款式/~长头发(v)
笼统,long3tong3,,可,,,,地,可,,,,,,,,AABB,z,,,,,,~一些/~的条文/~地介绍
隆重,long2zhong4,,可,可,,可,地,可,,,,,,,,,,,,,,,~[的]仪式/~[地]举行
鲁莽,lu3mang3,,可,,,,地,可,,,,,,,,,,,,,,,~的举动/~地干
露骨,lu4gu3,,可,,,,地,可,,,,,,,,,,,,,,,话说得很~/~的话/~地说
绿,lv4,,可,可,,,,,,,,,,,,AA,,,,,化,,~[的]宝石/叶子~~的
乱,luan4,,可,可,,可,,可,,,,,,,,AA,,,,,,v,~棉絮/~[的]线头儿/~麻/~写/很~地扔了一地/家里~~的
落后,luo4hou4,,可,可,,,,,,,,,,,,,,,,,,,~地区/有的地方很~
麻利,ma2li5,,可,可,,,地,可,,,,,,,,,,,,,,,他是个~[的]人/很~地干完了
麻木,ma2mu4,,可,,,,地,可,,,,,,,,,,,,,,,~的神经/~地哼了一声
马虎,ma3hu5,,可,可,,可,,可,,,,,,,,AABB,z,,里,,,,"他那~劲儿,谁也比不上/~的人/他马马虎虎地干/很~地抄了一遍"
蛮横,man2heng4,,可,,,,地,可,,,,,,,,,,,,,,,~的手段/~地端着枪
满,man3,,可,可,,,,,,,,,,,,AA,,,,,,dv,~屋子阳光/~树石榴/河里的水很~/水缸里的水~~的
漫长,man4chang2,,,可,,,,,,,,,,,,,,,,,,,~[的]历程/~[的]岁月
慢,man4,,可,可,,可,,可,,,,,,,,AA,d,,,,性,,~走/~车/~镜头/~~地解决
忙,mang2,,可,可,,可,,,,,,,,,,,,,,,,v,老李是个~人/~的时候/他~跑了过来/晚上~家务(v)
忙碌,mang2lu4,,可,,,,地,可,,,,,,,,AABB,z,,,,,,~的蜜蜂/~地清扫屋子
盲目,mang2mu4,,可,,,可,地,可,,,,,,,,,,,,,性,,~的实践/~投弹/~地干
莽撞,mang3zhuang4,,可,可,,,地,可,,,,,,,,AABB,z,,,,,,~劲儿/~的少年/~地干
毛糙,mao2cao5,,可,,,,地,可,,,,,,,,AABB,z,,里,ABB,,,~的样子/他干活很~
矛盾,mao2dun4,,,,,,地,可,,,,,,,,,,,,,,n,~的心情/~地说
茂密,mao4mi4,,,,,,,,,,,,,,,,,,,,,,~的森林
冒失,mao4shi5,,可,,,,地,可,,,,,,,,AABB,z,,里,,,,~的行为/~地闯进去/冒里~地跳到水里
没趣,mei2qu4,,,,,,地,可,,,否,,,VO,,,,,,,,,~的事/~地走了
美,mei3,,可,可,,,,,,,,,,,,AA,,,,,化,,~人儿/~~地吃一顿
美好,mei3hao3,,,可,,,,,,,,,,,,,,,,,,,想像得很~/~时光/~的形象
美丽,mei3li4,,可,,,,,,,,,,,,,,,,,,,,~的鲜花
美满,mei3man3,,,可,,,地,可,,,,,,,,,,,,,,,~[的]家庭/~地生活下去
美妙,mei3miao4,,,可,,,,,,,,,,,,,,,,,,,~[的]年华/~的旋律
闷,men1,,可,可,否,可,,,,,,,,,,,,,,,,v,~葫芦/房间太~了/~死了
朦胧,meng2long2,,可,可,,,地,可,,,,,,,,AABB,z,,,,,,~文学/~的月亮/~地看到未来
猛,meng3,,可,可,,可,地,,,,,,,,,,,,,,,,~地跳起来/~打/~劲儿
猛烈,meng3lie4,,可,,,可,地,可,,,,,,,,,,,,,,,~的炮火/~[地]进攻
迷人,mi2ren2,,可,,,,,可,,,,,,VO,,,,,,,,,~的风韵/江南景色十分~
迷惘,mi2wang3,,,,,,地,可,,,否,,,,,,,,,,,,~的样子/~地望着前方
秘密,mi4mi4,,,可,,可,地,可,,,,,,,,,,,,,性,n,~[的]文件/~[地]审讯/宇宙~(n)
密集,mi4ji2,,可,,,,地,,,,,,,,,,,,,,,,~地扫射/~的细雨/北京市人口~
密切,mi4qie4,,,,,可,地,可,,,,,,,,,,,,,,v,有~的关系/~[地]注视着/~干群关系(v)
勉强,mian3qiang3,,可,,,可,地,可,,,,,,,,AABB,z,,,,,v,~的事/~[地]坚持下来/~一点
腼腆,mian3tian3,,可,,,,地,可,,,,,,,,AABB,z,,,,,,"~的小女孩/~地笑了笑/他腼腼腆腆的,一直没有开口"
苗条,miao2tiao5,,可,可,,,,,准,,,,,,,AABB,z,,,,,,~[的]少女/保持~/显得~
渺茫,miao3mang2,,,,,,,,,,,,,,,AABB,z,,,,,,~的夜空/渺渺茫茫的天边
渺小,miao3xiao3,,,,,,,,,,,,,,,,,,,,,,~的人物
妙,miao4,,,可,否,,,,,,,,,,,,,,,,,,~法子/很~的主意
民主,min2zhu3,,可,可,,可,地,,准,,,,,,,,,,,,化,,~制度/~协商/~选举/享有~/争取~/发展~
敏感,min3gan3,,可,,,,地,可,,,,,,,,,,,,,性,,~的问题/~地反映出来
敏捷,min3jie2,,可,,,,地,可,,,,,,,,,,,,,,,~的头脑/~地闪开了/他的思路十分~
敏锐,min3rui4,,可,,,,地,可,,,,,,,,,,,,,,,~的目光/~地看到
名贵,ming2gui4,,,可,,,,,,,,,,,,,,,,,,,~药材
明白,ming2bai5,,可,可,,可,地,可,,,,,,,,AABB,z,,,,,v,~人/他~表示了自己的意见
明达,ming2da2,,,,,,,,,,,,,,,,,,,,,,他是个~的人
明快,ming2kuai4,,可,,,,,,,,,,,,,,,,,,,,~的短句/~的节奏
明朗,ming2lang3,,可,,,,地,可,,,,,,,,,,,,,,,~的态度/~地表示了自己的看法
明亮,ming2liang4,,可,,,,,,,,,,,,,AABB,z,,,ABB,,,~的教室
明媚,ming2mei4,,,,,,,,,,,,,,,,,,,,,,~的春光
明确,ming2que4,,可,,,可,地,可,,,,,,,,,,,,,,v,~的目标/~[地]表示赞同/~表态
明晰,ming2xi1,,,,,,地,可,,,,,,,,,,,,,度,,~的印象/~地看到
明显,ming2xian3,,可,,,可,地,可,,,,,,,,,,,,,性,,你说得~一点儿/~地偏袒别人
明智,ming2zhi4,,可,,,,地,可,,,,,,,,,,,,,,,~的作法/~地处理
模糊,mo2hu5,,可,可,,,地,可,,,,,,,,AABB,z,,,,性,v,~[的]看法/~概念/~地承认
摩登,mo2deng1,,可,可,,,,,,,,,,,,,,,,,,,~小姐
陌生,mo4sheng1,,,可,,,,,,,,,,,,,,,,,,,~[的]人
默契,mo4qi4,,,,否,,地,可,,,,,,,,,,,,,,,很~地配合
耐寒,nai4han2,,,可,,,,,,,,,,VO,,,,,,,性,,~[的]植物
耐磨,nai4mo2,,可,,,,,,,,,,,VO,,,,,,,性,,~的布料/非常~
耐热,nai4re4,,,可,,,,,,,,,,VO,,,,,,,性,,~物品/~的性能好
耐心,nai4xin1,,可,,,可,地,可,,有,,,,VO,,,,,,,,,~的时候/~地说/~[地]教育
耐用,nai4yong4,,可,可,,,,,,,,,,VO,,,,,,,性,,~物品
难,nan2,,可,,,可,,可,,,,,,,,,,,,,,v,~的题目/~解决/把我~住了(v)
难得,nan2de2,,,,,可,地,可,,,否,,,,,,,,,,,,~的人才/~[地]见面/~遇到他
难过,nan2guo4,,,,,,地,可,,,,,,,,,,,,,,,~的日子/~地介绍
难堪,nan2kan1,,可,,,,地,可,,,,,,,,,,,,,,,~的局面/~地低下了头
难受,nan2shou4,,可,,,,地,可,,,,,,,,,,,,,,,~的样子/~地看了一眼
难听,nan2ting1,,可,,,,,,,,,,,,,,,,,,,,~的曲子
难忘,nan2wang4,,,,,,,,,,否,,,,,,,,,,,v,"~的日子/这件事一直挂在我心上,很~"
难为情,nan2wei2qing2,,,,,,地,可,,,,,,,,,,,,,,,~的事/~地走了/这件事一点儿也不~
难闻,nan2wen2,,可,,,,,,,,,,,,,,,,,,,,~的气味/这种味儿真~
内疚,nei4jiu4,,可,,,,地,可,准,,,,,,,,,,,,,,引起~/~的心情/~地哭了/引起他的~
内向,nei4xiang4,,可,可,,,,,,,,,,,,,,,,,型,,~[的]人/~型经济
内行,nei4hang2,,可,可,,,地,可,,,,,,,,,,,,,,n,~人/~地说
嫩,nen4,,可,可,,,,,,,,,,,,AA,,,,,,,~叶子/~的竹笋/~~的枝芽
能干,neng2gan4,,可,,,,,,,,,,,,,,,,,,,,~的领导
年轻,nian2qing1,,可,可,,,,,,,,,,,,,,,,ABB,化,,~人/~的小伙子
宁静,ning2jing4,,可,,,,,,,,,,,,,,,,,,,,~的夜晚
浓,nong2,,可,可,,,,,,,,,,,,AA,,,,,,,~硫酸/很~的眉毛/~~的眉毛
浓厚,nong2hou4,,可,,,,,,,,,,,,,,,,,,,,~的地方色彩
浓密,nong2mi4,,,,,,,,,,,,,,,,,,,,,,~的丛林
浓郁,nong2yu4,,,,,,,,,,,,,,,,,,,,,,~的芳香
努力,nu3li4,,可,可,,可,地,可,准,,,,,VO,VO,,,ABAB,,,,,~方向/大家努一点力/需要几代人的~
暖和,nuan3huo5,,可,可,,,,,,,,,,,,AABB,z,,,ABB,,v,~[的]地方/穿~点儿/用自己的体温~孩子(v)
懦弱,nuo4ruo4,,,,,,地,可,,,,,,,,,,,,,,,~的性格/~的男子汉/~地反对
偶然,ou3ran2,,,可,,可,地,可,,,,,,,,,,,,,性,,~事件/这事一点也不~/~[地]发现
庞大,peng2da4,,,,,,,,,,,,,,,,,,,,,,~的身躯
庞杂,pang2za2,,,,,,,,,,,,,,,,,,,,,,~的头绪/机构变得太~了
蓬松,peng2song1,,可,,,,地,可,,,,,,,,AABB,z,,,ABB,,,~的头发/最好~一点/秀发~地披到肩
皮实,pi2shi5,,可,,,,,,,,,,,,,,,,,,,,~的布料/这孩子真~
疲惫,pi2bei4,,,可,,,地,可,,,,,,,,,,,,,,v,~的脚步声/~地闭上了眼
疲乏,pi2fa2,,可,可,,,地,可,,,,,,,,,,,,,,,~的样子/~地躺在床上
疲倦,pi2juan4,,可,,,,地,可,,,,,,,,,,,,,,,~的面容/~地干着
疲劳,pi2lao2,,可,可,,,地,可,准,,,,,,,,,,,,,,恢复~/~战术/消除肌肉的~
疲软,pi2ruan3,,可,,,,,,,,,,,,,,,,,,,,~的商品
僻静,pi4jing4,,可,,,,,,,,,,,,,,,,,,,,~[的]地方
偏,pian1,,可,,否,,,,,,,,,,,,,,,,,dv,个儿~高/位子很~/射~了/~不去(d)/~着脑袋(v)
偏僻,pian1pi4,,可,可,,,,,,,,,,,,,,,,,,,~[的]地区
偏心,pian1xin1,,,,,,地,可,,,,,,VO,VO,,,,,,,,~的事/~地说/老师太~了
片面,pian4mian4,,可,可,,可,地,可,,,,,,,,,,,,,性,,~观点/~地看问题/~撕毁合同/~理解
漂亮,piao4liang5,,可,可,,,,,,,,,,,,AABB,z,,,,,,打扮~/~的小演员/~姑娘/~衣服谁都喜欢
贫乏,pin2fa2,,可,,,,,,,,,,,,,,,,,,,,"~的地区/这幅画,形式和内容都很~"
贫瘠,pin2ji2,,,,,,,,,,,,,,,,,,,,,,~的土壤
贫困,pin2kun4,,,可,,,,,,,,,,,,,,,,,,,~山区
贫穷,pin2qiong2,,可,可,,,,,,,,,,,,,,,,,,,~人家/~[的]社会
频繁,pin2fan2,,可,,,可,地,可,,,,,,,,,,,,,,,~的活动/~[地]出击
平,ping2,,可,可,,可,,,,,,,,,,AA,,,,,,v,~着抬/~[的]屋顶/刨得~~的
平安,ping2an1,,可,可,,可,地,可,,,否,,,,,AABB,z,,,,,,~[的]日子/~[地]着陆/~抵达北京
平常,ping2chang2,,可,可,,,,可,,,,,,,,AABB,z,,,,,t,很~地走进自己的办公室/~的人
平淡,ping2dan4,,可,,,,地,可,,,,,,,,AABB,z,,,,,,~的事情/~地叙述/生活很~
平等,ping2deng3,,可,可,,可,地,可,准,,,,,,,,,,,,,,~[的]观念/~的地位/~[地]对待/争取人生的~
平凡,ping2fan2,,可,可,,,地,可,,,,,,,,,,,,,,,~的岗位/每天~地劳动着
平和,ping2he2,,可,,,,地,可,,,,,,,,AABB,z,,,,,,~的方法/~地说/平平和和地过日子/吃~一些的药
平衡,ping2heng2,,可,可,,,,,准,,,,,,,,,,,,,v,发展很不~/收支~/保持身体的~/~各方面的要求(v)
平滑,ping2hua2,,可,可,,,,,,,,,,,,,,,,,,,~的路面/~曲线
平缓,ping2huan3,1,可,,,,,,,,,,,,,,,,,,,,"~的地方/长江中下游,地势~"
平缓,ping2huan3,2,可,,,,地,可,,,,,,,,,,,,,,,心情~/他~地解释/他说得很~/他用~的语调说……
平静,ping2jing4,,可,,,,地,可,准,,,,,,,AABB,z,,,,,,~的夜晚/~地回忆/保持心情的~/这两年生活过得很不~
平均,ping2jun1,,可,可,,可,地,可,,,,,,,,,,,,,,v,~数/~的水平/~[地]分配
平坦,ping2tan3,,可,,,,,,,,,,,,,AABB,z,,,,,,~的道路
平稳,ping2wen3,,可,,,可,地,可,准,,,,,,,AABB,z,,,,,,~的小船/~[地]着陆/保持机身的~
平庸,ping2yong1,,可,,,,地,可,,,,,,,,AABB,z,,,,,,~的作品/~地活着
平整,ping2zheng3,,可,,,,地,可,,,,,,,,AABB,z,,,,,v,~的土地/~地放着/~土地(v)
泼辣,po1la5,,可,可,,,,,,,,,,,,,,,,,,,~劲儿/~姑娘
朴实,pu3shi2,,可,,,,,,,,,,,,,AABB,z,,,,,,~的衣着
朴素,pu3su4,,可,,,,地,可,,,,,,,,AABB,z,,,,,,~的感情/房间布置得~大方/他~地想
迫切,po4qie4,,可,可,,可,地,可,,,,,,,,,,,,,性,,~任务/~[地]希望祖国富强起来/~一点
破,po4,,可,可,,,,,,,,,,,,AA,,,,,,v,故意穿得~~的/~电视
破旧,po4jiu4,,可,可,,,,,,,,,,,,,,,,,,,~[的]东西
破烂,po4lan4,,可,可,,,,,,,,,,,,AABB,z,,,,,,~货/~玩艺儿/作名词时要儿化
破碎,po4sui4,,,,,,,,,,,,,,,,,,,,,v,~的心/每小时~3吨矿石(v)
铺张,pu1zhang1,,可,可,,,地,可,,,,,,,,,,,,,,,~行为/很~地办婚事/这次婚事过分~了一些
普遍,pu3bian4,,可,可,,可,地,可,,,,,,,,,,,,,性,,"用得很~/~[的]真理/~[地]存在着/计算机,人们很~地使用了"
普及,pu3ji2,,可,可,,,,,,,,,,,,,,,,,性,v,~[的]读物
普通,pu3tong1,,可,可,,,,,,,,,,,,AABB,z,,,,,,~[的]说法/~人/~劳动者
凄惨,qi1can3,,,可,,可,地,可,,,,,,,,AABB,z,,,,,,~景象/~[的]生活/~[地]死去
凄怆,qi1chuang4,,,,,,,,,,,,,,,,,,,,,,~的人生/他脸上流露出~的神情
凄凉,qi1liang2,,可,可,,,地,可,,,,,,,,AABB,z,,,,,,~[的]景象/~地朝四周看了一眼
齐备,qi2bei4,,,,,,,,,,,,,,,,,,,,,,有~的家具/工具很~
齐全,qi2quan2,,可,,,,,,,,,,,,,,,,,,,,这里有~的图书资料/这里的商品规格~
奇怪,qi2guai4,,,,,,地,可,,,,,,,,AABB,z,,,,,v,~的声音/~地走了/大家都很~你为什么今天没来(v)
奇妙,qi2miao4,,,,,,地,可,,,,,,,,,,,,,,,~的幻想/~的想法/世界真~/~地联想起月亮上的嫦娥
奇特,qi2te4,,,,,,,,,,,,,,,,,,,,,,~的风格/~的关系
奇异,qi2yi4,,,,,,,,,,,,,,,,,,,,,,~的色彩/~的装束
崎岖,qi2qu1,,,,,,,,,,,,,,,,,,,,,,~的山路
气愤,qi4fen4,,可,,,,地,可,,,,,,,,,,,,ABB,,,脸上露出~的表情/气愤愤地说
恰当,qia4dang4,,可,,,,地,可,,,,,,,,,,,,,,,找一个~的时机/~地使用
牵强,qian1qiang3,,可,,,,地,可,,,,,,,,,,,,,,,~的说法/很~地说
谦卑,qian1bei1,,,,,,地,可,,,,,,,,,,,,,,,~的态度/~[的]样子/~地介绍
谦恭,qian1gong1,,,,,,地,可,,,,,,,,,,,,,,,很~地问
谦和,qian1he2,,可,,,,地,可,,,,,,,,,,,,,,,很~地谈个人看法
谦虚,qian1xu1,,可,,,,地,可,,,,,,,,,,,,,,,~的精神/~地接受意见
谦逊,qian1xun4,,可,,,,地,可,,,,,,,,,,,,,,,~的态度/~地笑了笑
虔诚,qian2cheng2,,可,可,,,地,可,,,,,,,,,,,,,,,~地说/~劲儿/~的香客
浅,qian3,,可,可,,可,,可,,,,,,,,AA,,,,,,,~颜色/~[的]地方/~~的流水
浅薄,qian3bo2,,,,,,,,,,,,,,,,,,,,,,~的经验
浅陋,qian3lou4,,,,,,,,,,,,,,,,,,,,,,很~的想法/学识~
浅显,qian3xian3,,可,,,,,,,,,,,,,,,,,,,,~的道理/文字~
浅易,qian3yi4,,可,可,,,,,,,,,,,,,,,,,,,~读物
纤巧,xian1qiao3,,,,,,,,,,,,,,,,,,,,,,~的工具
纤弱,xian1ruo4,,,,,,,,,,,,,,,,,,,,,,~的身子
纤细,xian1xi4,,,,,,,,,,,,,,,,,,,,,,~的小草/~的十指
强,qiang2,,可,可,,可,,,,,,,,,,,,,,,,,女~人/很~的实力/~攻
强大,qiang2da4,,可,,,,,,,,,,,,,,,,,,,,~[的]支柱/~[的]力量
强悍,qiang2han4,,可,可,,,,,,,,,,,,,,,,,,,~部落/~的民族
强横,qiang2heng4,,可,,,,地,可,,,,,,,,,,,,,,,~的态度/~地动手打人
强劲,qiang2jin4,,,,,,地,,,,,,,,,,,,,,,,~的对手/风沙~地袭来
强烈,qiang2lie4,,可,可,,可,地,可,,,,,,,,,,,,,,,~[的]地震/~[地]反抗
强硬,qiang2ying4,,可,可,,,地,可,,,,,,,,,,,,,,,~态度/~[的]手段/~地顶回去
强壮,qiang2zhuang4,,可,,,,,,,,,,,,,,,,,,,v,~的身体/~的手臂/这药能~病人体质(v)
抢手,qiang3shou3,,,可,,,,,,,,,,VO,,,,,,,,,~货/~商品
憔悴,qiao2cui4,,可,,,,地,可,,,,,,,,,,,,,,,"~的面孔/~地说""活不下去了"""
巧,qiao3,,可,可,,可,,可,,,,,,,,,,,,,,,~劲儿/~事/~夺敌人的碉堡
巧妙,qiao3miao4,,可,,,,地,可,,,,,,,,,,,,,,,~的方法/~地安排
俏皮,qiao4pi2,,可,可,,,地,可,,,,,,,,,,,,,,,~话/~地说
切题,qie4ti2,,,,,,,,,,,,,VO,VO,,,,,,,,~的文章/这篇文章很~
怯懦,qie4nuo4,,,,,,地,可,,,,,,,,,,,,,,,~的性格/~地说了两句无关紧要的话
怯弱,qie4ruo4,,,可,,,地,可,,,,,,,,,,,,,,,~女子/~的人/~地低下了头
惬意,qie4yi4,,,,,,地,可,,,,,,VO,,,,,,,,,~的心情/她非常~地望着我/生活十分~
亲,qin1,,可,可,否,可,,,,,,,,,,,,,,,,v,兄妹之间很~/~姊妹/~赴生产第一线
亲密,qin1mi4,,可,可,,,地,可,,,,,,,,AABB,z,,,,,,"~战友/~地战斗在一起,胜利在一起"
亲昵,qin1ni4,,可,,,,地,可,,,,,,,,AABB,z,,,,,,~的关系/~地骂道
亲切,qin1qie4,,可,可,,可,地,可,,,,,,,,,,,,,,,~[的]教诲/~[地]交谈
亲热,qin1re4,,可,可,,,地,可,,,,,,,,AABB,z,ABAB,,,,,~劲儿/~的样子/~地称呼哥哥
勤,qin2,,可,,否,可,,,,,,,,,,,,,,,,,~得很/~研究/他到我家来得~
勤奋,qin2fen4,,可,,,可,地,可,,,,,,,,,,,,,,,~的人/~[地]探索/~学习
勤俭,qin2jian3,,可,,,可,地,可,,,,,,,,,,,,,,,~的农民/~持家/~地操持家务
勤恳,qin2ken3,,可,,,,地,可,,,,,,,,AABB,z,,,,,,~的队长/~地劳动
勤快,qin2kuai4,,可,,,,地,可,,,,,,,,,,,,,,,~的人不多/~地跑来跑去
勤劳,qin2lao2,,可,可,,,地,可,,,,,,,,,,,,,,,~的民族/~地服务
青,qing1,,可,可,,,,,,,,,,,,AA,,,,,,,~山/~~的芦苇
轻,qing1,,可,可,,可,,,,,,,,,,AA,,,,,,,~飘飘/~放/~音乐/很~的行李/微风~~地吹
轻薄,qing1bo2,,可,可,,,地,可,,,,,,,,,,,,,,,~行为/~的女人/~地笑
轻浮,qing1fu2,,可,,,,地,可,,,,,,,,,,,,,,,~的举动/~地扭动了一下身子
轻快,qing1kuai4,,可,,,,地,可,,,,,,,,AABB,z,,,,,,~的工作/~地演奏/轻轻快快地干完了
轻狂,qing1kuang2,,可,,,,地,可,,,,,,,,,,,,,,,~的样子/~地说笑
轻巧,qing1qiao3,,可,,,,地,可,,,,,,,,,,,,,,,~的铲子/很~地挥舞着大刀
轻柔,qing1rou2,,可,,,,地,可,,,,,,,,,,,,,,,~的舞步/~地跳着芭蕾舞
轻率,qing1shuai4,,可,可,,可,地,可,,,,,,,,,,,,,,,~[的]举动/~地否定别人的意见/~决策
轻松,qing1song1,,可,可,,可,地,可,,,,,,,,AABB,z,ABAB,,,,,~活儿/~的晚会/~地笑了笑
轻微,qing1wei1,,可,,,可,地,可,,,,,,,,,,,,,,,~的声音/~[地]活动
轻闲,qing1xian2,,可,可,,,地,可,,,,,,,,,,,,,,,~日子/~的时候/很~地度日
轻盈,qing1ying2,,,,,,地,可,,,,,,,,,,,,,,,~的步态/~地飞过
清,qing1,,可,可,,可,,,,,,,,,,AA,,,,,,v,~蒸/~[的]水/~唱/~~的湖水
清白,qing1bai2,,可,可,,,,,准,,,,,,,AABB,z,,,,,,~身世/保持~/~[的]人家/清清白白做人
清楚,qing1chu5,,可,,,,地,可,,,,,,,,AABB,z,,,,,v,很~的问题/~地看到/~地说明
清脆,qing1cui4,,可,,,,地,可,,,,,,,,,,,,,,,~的歌声/小鸟~地叫了几声
清淡,qing1dan4,,可,,,,,,,,,,,,,,,,,,,,(食物)含油脂少;颜色、气味清而淡:菜做得很~/~的香气
清高,qing1gao1,,可,,,,,,,,,,,,,,,,,,,,~的人
清洁,qing1jie2,,可,可,,,,,准,,,,,,,,,,,,,,~工人/~的环境/注意周围环境的~
清静,qing1jing4,,可,可,,,,可,准,,,,,,,AABB,z,ABAB,,,,,找不到一处~[的]地方/~地生活/得到~
清苦,qing1ku3,,可,可,,,地,可,,,,,,,,,,,,,,,~生活/~的地方/~地生活着
清廉,qing1lian2,,可,,,,,,,,,,,,,,,,,,,,~的干部
清凉,qing1liang2,,可,,,,,,,,,,,,,AABB,z,,,,,,~的汽水/~的空气/清清凉凉的井水/山上十分~
清贫,qing1pin2,,可,,,,,,,,,,,,,,,,,,,,~的人家/~的知识分子
清爽,qing1shuang3,,可,,,,,,,,,,,,,AABB,z,,,,,,清洁凉爽;轻松爽快:雨后空气~/他穿上一身~的衣服
清晰,qing1xi1,,可,,,,地,可,,,,,,,,,,,,,度,,~的声音/我感到8月15的月亮格外的~/~地显现出来
清闲,qing1xian2,,可,,,,地,可,,,,,,,,AABB,z,ABAB,,,,,~的日子/~地逛来逛去
清新,qing1xin1,,可,,,,地,,,,,,,,,,,,,,,,~的气息/田野的风~地吹着
清醒,qing1xing3,,可,,,,地,可,准,,,,,,,,,,,,,v,~的头脑/~地看到/保持头脑的~
清秀,qing1xiu4,,可,,,,,,,,,,,,,,,,,,,,~的山水/上面写了一行~的毛笔字
清雅,qing1ya3,,,,,,,,,,,,,,,,,,,,,,~的风格/仪容~
清正,qing1zheng4,,,,,,,,,,,,,,,,,,,,,,~的干部
晴和,qing2he2,,,,,,,,,,,,,,,,,,,,,,今天又是~的天气
晴朗,qing2lang3,,可,,,,,,,,,,,,,,,,,ABB,,,~的夜晚/晴朗朗的天空
穷,qiong2,,可,可,,可,,,,,,,,,,,,,,,,d,哭~/~[的]地方/~吃(d)
穷苦,qiong2ku3,,可,可,,,地,,,,,,,,,,,,,,,,~人/~[的]地区/~地生活在最低层
穷困,qiong2kun4,,可,可,,,,可,,,,,,,,,,,,,,,~生活/~[的]山村
曲折,qu1zhe2,,可,,,,地,可,,有,,,,,,AABB,z,,,,,,~的小路/~地发展
屈才,qu1cai2,,,,否,,,可,,,,,,VO,VO,,,,,,,,"在这儿工作,真是屈了你的才"
全,quan2,,可,可,,,,,,,,,,,,,,,,,,d,~班/很~的材料/家乡的面貌~变了(d)
全面,quan2mian4,,可,可,,可,地,可,,,,,,,,,,,,,性,,~[的]情况/~[地]阐述了自己的观点
缺德,que1de2,,可,可,,,,,,,,,,VO,,,,,,,,,~事儿
确切,que4qie4,,可,可,,可,地,可,,,,,,,,AABB,z,,,,,,~[的]消息/~打听到了/~地表达出来了/确确切切听到了
确凿,que4zuo4,,可,可,,可,地,可,,,,,,,,,,,,,,,~[的]根据/~[地]断定/~存在一股歪风
绕嘴,rao4zui3,,可,,,,,,,,,,,VO,,,,,,,,,~的话
热,re4,,可,可,,,,,,,,,,,,AA,,,,,,vn,~[的]毛巾/把水烧得~~的
热诚,re4cheng2,,可,,,可,地,可,,,,,,,,,,,,,,,~的眼睛/~地去帮助别人
热乎,re4hu5,,可,,,,地,可,,,,,,,,AABB,z,ABAB,,ABB,,,~的被窝/~地问寒问暖
热火,re4huo5,,,,,,,,,,,,,,,,,,,,,,~的场面/谈得很~
热烈,re4lie4,,可,,,可,地,可,,,,,,,,AABB,z,,,,,,~的掌声/~的气氛/~[地]握手
热门,re4men2,,可,可,,,,,,,,,,,,,,,,,,,~专业/~话题
热闹,re4nao5,,可,可,,,,,,有,,,,,,AABB,z,,,,,,~[的]场面/热热闹闹地吹打了一通/大家~~
热情,re4qing2,,可,,,可,地,可,,有,,,,,,,,,,,,,~的观众/~[地]欢迎
热心,re4xin1,,可,可,,可,地,可,,,,,,,,,,,,,,v,~[的]人/~[地]照顾老人/~(于)体育运动(v)
仁慈,ren2ci2,,可,,,,地,可,,,,,,,,,,,,,,,~的老人/~地对待弱者
认真,ren4zhen1,,可,,,可,地,可,,,,,,,,AABB,z,,,,,,~的老师/~[地]完成任务
任性,ren4xing4,,可,,,,地,可,,,,,,,,,,,,,,,~的丫头/~地讲话
荣幸,rong2xing4,,,,否,,地,可,,,否,,,,,,,,,,,,~地受到邀请/这是非常~的事情
容易,rong2yi4,,可,,,可,地,可,,,,,,,,,,,,,,,~的事/~处理/很~地解决了
融洽,rong2qia4,,可,,,,地,可,,,,,,,,,,,,,,v,~的气氛/很~地交谈/~夫妻关系(v)
柔和,rou2he2,,可,,,,地,可,,,,,,,,,,,,,,,~的光线/月光~地撒在大地上
柔嫩,rou2nen4,,,,,,,,,,,,,,,,,,,,,,~的幼苗
柔韧,rou2ren4,,,,,,,,,,,,,,,,,,,,,,~的东西
柔软,rou2ruan3,,可,可,,,,,,,,,,,,,,,,,,,~体操/~的柳枝
柔弱,rou2ruo4,,,可,,,,,,,,,,,,,,,,,,,~的身体/~女子
柔顺,rou2shun4,,可,,,,地,可,,,,,,,,,,,,,,,她只管~地听着/~的女子
肉麻,rou4ma2,,可,,,,地,可,,,,,,,,,,,,,,,~的甜言蜜语/~地吹捧
如意,ru2yi4,,,可,,,,,,,,,,VO,,,,,,,,n,~算盘/~的办法/这件事办得非常~/他拿着一个玉~(n)
入神,ru4shen2,1,,,,,地,可,,,,,,VO,VO,,,,,,,,注意力高度集中:听得~/~地听着/~的时候
入神,ru4shen2,2,,,,,,,,,,,,VO,,,,,,,,,达到精妙的境地:画得很~/~的境地
入时,ru4shi2,,可,,,,,,,,,,,VO,,,,,,,,,穿得再~一点儿
软,ruan3,,可,可,,,,,,,,,,,,AA,,,,,化,,~心肠/~的东西/面和得~~的
软和,ruan3huo5,,可,可,,,,,,,,,,,,AABB,z,,,ABB,,,~话/~的羊毛
软弱,ruan3ruo4,,可,,,,地,可,,,,,,,,,,,,,,,他不像哥哥那样的~/~的人/~地躺在地下
锐利,rui4li4,,可,,,,地,可,,,,,,,,,,,,,,,~的匕首/~地观察问题/目光~
弱,ruo4,,可,可,,,,,,,,,,,,,,,,,化,,~女子/~的方面/~了点儿
洒脱,sa3tuo5,,可,可,,,地,可,,,,,,,,AABB,z,,,,,,~劲儿/~的态度/很~地说/洒洒脱脱地走了
散,san3,,可,可,,可,,,,,,,,,,,,,,,,v,~兵/~装/~的洗衣粉/~着头发(v)
散漫,san3man4,1,可,可,,,,,,,,,,,,AABB,z,,,,,,~作风/~的学生
散漫,san3man4,2,可,,,,,,,,,,,,,,,,,,,,"分布很~/文章~,层次不清/十分~的手工业"
扫兴,sao3xing4,,,,,,地,可,,,,,,VO,VO,,,,,,,,~的事/~地走了/扫他的兴
沙哑,sha1ya3,,可,,,,地,可,,,,,,,,,,,,,,,~的声音/~地吆喊
傻,sha3,,可,可,,可,,,,,,,,,,,,,,,,,~孩子/~笑
善良,shan4liang2,,可,可,,,地,,,,,,,,,,,,,,,,"~[的]愿望/~地活着,~地死去"
伤感,shang1gan3,,可,,,,地,可,,,,,,,,,,,,,,,~的气氛/~地流下了眼泪
伤心,shang1xin1,,可,可,,,地,可,,,,,,VO,VO,,,,,,,,~人/~事/~地哭了
上进,shang4jin4,,可,可,,,,,准,,,,,,,,,,,,,,她变得~了/要求~/~心/保持~/这孩子很~
上相,shang4xiang4,,,,否,,,,,,,,,VO,,,,,,,,,他很~
少,shao3,,可,,,可,,,,,,,,,,AA,,,,,,v,很~的人/吃得~~的/东西~得很
少见,shao3jian4,,,,,,,,,,,,,,,,,,,,,,~的事
奢侈,she1chi3,,可,,,,,,,,,,,,,,,,,,,,~的生活
奢华,she1hua2,,可,,,,,,,,,,,,,,,,,,,,~的生活/他的穿着很~
深,shen1,,可,可,,可,,,,,,,,,,AA,,,,,化,,~信/~水池子/~~地吸了一口气/~埋
深奥,shen1ao4,,,,,,,,,,,,,,,,,,,,,,~的道理/这篇文章十分~
深沉,shen1chen2,,可,,,,地,可,,,,,,,,,,,,,,,~的声音/~地思索着
深厚,shen1hou4,,,可,,,,,,,,,,,,,,,,,,,~感情/~的土层
深刻,shen1ke4,,可,可,,可,地,可,,,,,,,,,,,,,,,~含义/~地揭示/~剖析
深切,shen1qie4,,,,,可,地,可,,,,,,,,,,,,,,,~的友情/~地了解/~认识
深入,shen1ru4,,可,,,可,地,可,,,,,,,,,,,,,,v,~的工作/~[地]开展学习
深远,shen1yuan3,,,可,,,,,,,,,,,,,,,,,,,~[的]意义
深重,shen1zhong4,,,,,,,,,,,,,,,,,,,,,,~的苦难/情意~的礼物
神秘,shen2mi4,,可,可,,,地,可,,,,,,,,AABB,z,,,,,,~[的]色彩/~地说了一句
神妙,shen2miao4,,,,,,,,,,,,,,,,,,,,,,~的工匠/笔法~
神奇,shen2qi2,,可,,,,地,可,,,,,,,,,,,,,,,~的传说/~地摆脱了追兵/~地出现了
神气,shen2qi4,,可,可,,,地,可,,,,,,,,,,,,,,n,~劲儿/~地说/他~了一阵子
神圣,shen2sheng4,,,可,,,地,可,,,,,,,,,,,,,,,~[的]领土/~的誓言/国徽~地悬挂在大会堂前
审慎,shen3shen4,,可,可,,,地,可,,,,,,,,,,,,,,,~态度/~的办法/~地考虑
慎重,shen4zhong4,,可,可,,可,地,可,,,,,,,,,,,,,,,~[的]态度/~[地]解决
生动,sheng1dong4,,可,可,,,地,可,,,,,,,,,,,,,性,,~场面/~地反映
生僻,sheng1pi4,,,可,,,,,,,,,,,,,,,,,,,~字/~的典故
生气,sheng1qi4,,可,,,,地,可,,,,,,VO,VO,,,,,,,n,~的样子/~地说/他在生闷气
生涩,sheng1se4,,,,,,,,,,,,,,,,,,,,,,~的言词
生硬,sheng1ying4,,可,,,,地,可,,,,,,,,,,,,,,,不自然:这个词用得很~/~的语调/~地搬过来
省力,sheng3li4,,可,,,,地,可,,,,,,VO,VO,,,,,,,,~的事/~地干/省了力
失常,shi1chang2,,,,,,,,,,,,,VO,,,,,,,,,~的现象/这人精神~
失望,shi1wang4,,可,,,,地,可,,有,,,,VO,,,,,,,,,~的样子/~地离开了他
湿,shi1,,可,可,,,,,,,,,,,,AA,,,,,度,,~[的]衣服/把地浇得~~的
湿润,shi1run4,,可,,,,,,,,,,,,,,,,,ABB,,v,~的空气/空气湿润润的
时髦,shi2mao2,,可,可,,,地,可,,,,,,,,,,,,,,,~服装/赶~/~地谈论起文学来了/很~地留起了长发
实惠,shi2hui4,,可,,,,,,,,,,,,,,,,,,,n,~的事/很~
实际,shi2ji4,,可,可,,可,地,可,,,,,,,,AABB,z,,,,,n,~[的]工作/~地分析/~考察/实实际际工作起来会遇到很多困难
实用,shi2yong4,,可,可,,,,,,,,,,,,,,,,,"性,型",v,~科学/~的衣服/~两吨水泥(v)
实在,shi2zai4,,可,,,,,,,,,,,,,AABB,z,,,,,d,~的人/他很~/~好看(d)
世故,shi4gu5,,可,,,,,,,,,,,,,,,,,,,,"~的老头/他非常~,很不好处"
适时,shi4shi2,,,,,可,地,可,,,,,,VO,,,,,,,,,~地赶来了/~播种
适用,shi4yong4,,可,,,,,,,,,,,,,,,,,,,v,~的衣物/这种小电器对家庭很~/~酸性肥料(v)
适中,shi4zhong1,,可,,,,,,,,,,,,,,,,,,,,~的温度/~的地点/这个区间的温度很~
守旧,shou3jiu4,,,可,,,,,,,,,,VO,,,,,,,,,~思想/这个人过于~
瘦,shou4,,可,可,,,,,,,,,,,,AA,,,,,型,,"~[的]肉/个子高高的,~~的"
瘦弱,shou4ruo4,,可,,,,,,,,,,,,,,,,,,,,~的身体/身体稍~一些
瘦削,shou4xue1,,,,,,,,,,,,,,,,,,,,,,~的脸蛋/~的中年人
瘦小,shou4xiao3,,可,,,,,,,,,,,,,,,,,,,,~的身材
舒畅,shu1chang4,,可,,,,地,可,,,,,,,,,,,,,,,~的环境/十分~地呼吸着新鲜空气
舒服,shu1fu5,,可,,,,地,可,,,,,,,,AABB,z,ABAB,,,,,过几天~[的]日子/~地靠着/舒舒服服睡一觉/躺在绿色草地上~~
舒适,shu1shi4,,可,,,,地,可,,,,,,,,AABB,z,,,,,,找一份~的工作/~地躺着/尽量搞得~一些
舒坦,shu1tan5,,可,,,,地,可,,,,,,,,AABB,z,,,,,,~[的]日子/~地睡着了/日子过得舒舒坦坦
舒心,shu1xin1,,可,,,,地,可,,,,,,VO,,,,,,,,,~的地方/~地呆下去
疏松,shu1song1,,,,,,,,,,,,,,,,,,,,,v,~的土壤
熟,shu2,,可,可,,,,,,,,,,,,AA,,,,,,,~[的]菜/煮得~~的/这条路我很~
熟练,shu2lian4,,可,可,,,地,可,,,,,,,,,,,,,性,,~[的]工人/~地吹着口哨
衰弱,shuai1ruo4,,可,,,,地,,,,,,,,,,,,,,,,~的老人/~地躺在床上
帅,shuai4,,可,,否,,,,,,,,,,,,,,,,,,字写得真~
帅气,shuai4qi4,,可,,,,,,,,,,,,,,,,,,,,他写出这么~的好字/~的小伙子
爽口,shuang3kou3,,可,,,,,,,,,,,VO,,,,,,,,,~的瓜果
爽快,shuang3kuai5,1,可,,,,地,可,,,,,,,,AABB,z,,,,,,舒适痛快:心里很~/~的感觉/~地洗着澡/爽爽快快地冲了一个凉
爽快,shuang3kuai5,2,可,可,,,地,可,,,,,,,,AABB,z,,,,,,直爽:~劲儿/~[的]人/~地答应了
爽直,shuang3zhi2,,可,,,,地,可,,,,,,,,,,,,,,,~地说/~的人/他十分~
顺,shun4,,可,,,,,,,,,,,,,,,,,,,v,这是一件很~的事/字句不太~
顺畅,shun4chang4,,可,,,,地,可,,,,,,,,,,,,,,,~的流水/~地通过/行文~
顺当,shun4dang5,,可,,,,地,可,,,,,,,,AABB,z,,,ABB,,,~的事/~地办妥了
顺耳,shun4er3,,可,,,,,,,,,,,VO,,,,,,,,,~的话/他的话听起来很~
顺口,shun4kou3,,可,,,可,,,,,,,,VO,,,,,,,,,~说/~的儿歌
顺利,shun4li4,,可,,,可,地,可,,,,,,,,AABB,z,,,,,,~的时候/~[地]通过
顺手,shun4shou3,,可,,,,,,,,,,,VO,,,,,,,,d,办事不太~
顺心,shun4xin1,,可,可,,,,,,,,,,VO,VO,,,,,,,,~事儿
顺眼,shun4yan3,,可,,,,,,,,,,,VO,,,,,,,,,~的事情/~的款式
嘶哑,si1ya3,,可,,,,地,可,,,,,,,,,,,,,,,~的声音/~地叫着
死,si3,,可,可,否,,,,,,,,,,,AA,,,,,,vd,~沉沉/~脑瓜子
死板,si3ban3,,可,,,,地,可,,,,,,,,,,,,ABB,,,~的局面/~地站着/表演~极了
松,song1,,可,,否,,,可,,,,,,,,AA,,,,,,v,行李捆得太~
松弛,song1chi2,,可,可,,,地,可,,,,,,,,,,ABAB,,,,,~状态/~的肌肉/眼皮~地垂下来/他~了一下神经
松脆,song1cui4,,可,,,,,,,,,,,,,,,,,,,,~的点心
松快,song1kuai4,,可,可,,,,,,,,,,,,AABB,z,ABAB,,,,,~的心境/松松快快地钓几天鱼
松软,song1ruan3,,可,,,,,,,,,,,,,,,,,,,,~的床垫
松散,song1san3,,可,可,,,地,可,,,,,,,,AABB,z,,,ABB,,,~状况/~地组织在一起
松懈,song1xie4,,可,可,,,,,,,,,,,,AABB,z,,,,,v,~状态/不能~一点儿/~了斗志(v)
酥,su1,,可,可,,,,,,,,,,,,AA,,,,,,,~糖/很~的排叉/炸得~~的
酥脆,su1cui4,,可,,,,,,,,,,,,,,,,,,,,~的食品
酥软,su1ruan3,,可,,,,,,,,,,,,,,,,,,,,~的感觉
俗,su2,,可,,否,,,,,,,,,,,,,,,,,,这人很~
肃静,su4jing4,,可,,,,,,准,,,,,,,,,,,,,,保持~/全场一片~
肃穆,su4mu4,,可,,,可,地,,,,,,,,,,,,,,,,~的地方/僧侣们~端坐/大家~地站了起来
素净,su4jing5,,可,,,,,,,,,,,,,AABB,z,,,,,,~的布料
素雅,su4ya3,,可,,,,,,,,,,,,,,,,,,,,~的房间/这件衣服很~
随便,sui2bian4,,可,,,可,地,可,,,,,,VO,,AABB,z,,,,,c,~[地]说/~的口气/你说话太~了
随和,sui2he5,,可,,,,地,可,,,,,,,,AABB,z,,,,,,他是个~的人/~地说
随意,sui2yi4,,可,,,可,地,可,,,,,,VO,,,,,,,性,,~地唱/~的事不多/速度可以~变换
碎,sui4,,可,可,,,,,,,,,,,,,,,,,,v,~[的]砖头/~[的]木头/今天不小心~了两个杯子(v)
琐碎,suo3sui4,,可,,,,,,,,,,,,,AABB,z,,,,,,~的事情/家务事十分~
踏实,ta1shi5,,可,,,,地,可,,,,,,,,AABB,z,,,,,,干得很~/~的工作作风/~地休息
太平,tai4ping2,,可,可,,,,,,,,,,,,AABB,z,,,,,,~日子/~的乡村/太太平平地过日子
贪婪,tan1lan2,,可,,,,地,可,,,,,,,,,,,,,,,~的目光/~地追求着科学的真理
坦诚,tan3cheng2,,可,,,,地,可,,,,,,,,,,,,,,,~的话语/~地交谈
坦荡,tan3dang4,,可,可,,,,,,,,,,,,AABB,,,,ABB,,,开拓者应有~[的]胸怀/君子坦荡荡
坦率,tan3shuai4,,可,,,,地,可,,,,,,,,,,,,,,,~的态度/~地交换看法
淘气,tao2qi4,,可,可,,,地,可,,,,,,,,,,,,,,,~[的]孩子/~地伸伸舌头
特别,te4bie2,,,可,,,,,,,,,,,,,,,,,,d,~行政区/~的气味
特殊,te4shu1,,可,可,,可,地,可,,,,,,,,,,,,,"性,化",,不能有~/~关系/~[地]照顾
疼痛,teng2tong4,,,,,,,,准,,,,,,,,,,,,,,~的感觉/感觉~/解除头部的~
体面,ti3mian4,,可,,,,地,可,,,,,,,,AABB,z,,,,,,~的工作/~地返回家园/事情办得体体面面
天真,tian1zhen1,,可,,,,地,可,,,,,,,,,,,,,,,~地笑了/~的想法
恬淡,tian2dan4,,,,,,,,,,,,,,,,,,,,,,~的生活
恬静,tian2jing4,,,,,,地,可,,,,,,,,,,,,,,,~的境界/~地进入了梦乡
甜美,tian2mei3,,,,,,,,,,,,,,,,,,,,,,~的梦
甜蜜,tian2mi4,,可,,,,地,可,,,,,,,,AABB,z,,,ABB,,,~的爱情/~的生活/甜蜜蜜的笑容/~地睡着了
挑剔,tiao1ti5,,可,,,,地,可,,,,,,,,AABB,z,,,,,v,你太~了一点/~的人/~地说/~别人的毛病(v)
调皮,tiao2pi2,,可,,,,地,可,,,,,,,,,,,,,,,~的孩子/~地看了老师一眼
贴切,tie1qie4,,可,,,,地,可,,,,,,,,,,,,,,,~的比喻/~地表达出来
贴题,tie1ti2,,,,,,,,,,,,,VO,,,,,,,,,~的文章/论证十分~
贴心,tie1xin1,,,可,,,,,,,,,,VO,,,,,,,,,~丫鬟/~话
挺拔,ting3ba2,,,,,,地,可,,,,,,,,,,,,,,,~的白杨树/松树~地长在高山上
挺括,ting3gua1,,可,,,,,,,,,,,,,,,,,,,,~的西服
通顺,tong1shun4,,可,,,,,,,,,,,,,AABB,z,,,,,,~的句子/他能把话写得通通顺顺的
通俗,tong1su2,,可,可,,,地,可,,,,,,,,,,,,,化,,~读物/~的说法/~地阐述
统一,tong3yi1,,可,,,可,地,可,准,,,,,,,,,,,,,v,~布署/需要思想上的~
痛,tong4,,可,,,,,,,,,,,,,,,,,,,,~的伤口/肚子很~
痛苦,tong4ku3,,可,,,,地,可,准,有,,,,,,,,,,,,,~的样子/~地哀求/忍受内心的~
痛快,tong4kuai5,,可,可,,,地,可,,,,,,,,AABB,z,ABAB,,,,,他是个~人/~的时候/~地喝几杯/痛痛快快说几句
痛心,tong4xin1,,,,,,地,可,,,,,,VO,,,,,,,,,在那~的日子里/~地流泪
头痛,tou2tong4,,可,,,,,,,,,,,,,,,,,,,,~的事/这件事太~了
投缘,tou2yuan2,,,,,,地,可,,,,,,VO,,,,,,,,,一对~的朋友/~地谈着
透,tou4,,可,,否,,,,,,,,,,,AA,,,,,,v,煮得~~的/这个人我看不~/~风(v)
透彻,tou4che4,,可,,,,地,可,,,,,,,,,,,,,,,~的解释/~地领会
透明,tou4ming2,,可,可,,,,,,,,,,,,,,,,,度,,湖水清澈~/~胶布/~的物体
突出,tu1chu1,,,可,,,地,可,,,,,,,,,,,,,,v,干得很~/~表现/~的贡献/~地分析
突然,tu1ran2,,,可,,可,地,可,,,,,,,,,,,,,,,~事件/~[地]失踪了
团结,tuan2jie2,,可,,否,,,,准,,,,,,,,,,,,,v,我们班的同学很~/~的政治局面/加强同学之间的~
颓废,tui2fei4,,可,可,,,地,可,,,,,,,,,,,,,,,~生活/~文学/过分~了一点/~地抽烟喝酒
拖沓,tuo1ta4,,可,,,,,,,,,,,,,AABB,z,,,,,,~的作风/办事不要拖拖沓沓
妥当,tuo3dang5,,可,,,,地,可,,,,,,,,AABB,z,,,,,,换一种~的说法/再~一点/~地解决了问题
妥善,tuo3shan4,,可,,,可,地,可,,,,,,,,,,,,,,,安排~/~一些/~的解决办法/~地处理/东西~保存
妥帖,tuo3tie1,,可,,,,地,可,,,,,,,,AABB,z,,,,,,~的字句/~地安排/妥妥帖帖地解决了
歪,wai1,,可,可,,可,,,,,,,,,,AA,,,,,,v,~主意/~戴着帽子/旗杆~~的
外向,wai4xiang4,,可,可,,,,,,,,,,,,,,,,,型,,~性格/他的性格很~
外行,wai4hang2,,,可,,,,,,,,,,,,,,,,,,n,~话/这个领域我是~(n)
弯,wan1,,可,可,,,,,,,,,,,,AA,,,,,,v,~路/~~的月牙
弯曲,wan1qu1,,可,,,,,,,,,,,,,AABB,z,,,,度,,~的小路/小河弯弯曲曲地向东流去
完备,wan2bei4,,可,,,,,,,,,,,,,,,,,,性,v,~的设施/再~一些/~地提供所需工具
完好,wan2hao3,,,,,可,地,可,,,,,,,,,,,,,,,~的标本/还~地保存着
完美,wan2mei3,,可,,,,地,可,,,,,,,,,,,,,,,~的形象/更~一点/很~地结合/造型设计得很~
完善,wan2shan4,,,,,,地,可,,,,,,,,,,,,,,v,~的计划/~地解决了问题
完整,wan2zheng3,,可,,,,地,可,准,,,,,,,AABB,z,,,,性,,~的古墓/~地保存下来了/保持结构的~
顽固,wan2gu4,,可,可,,可,地,可,,,,,,,,,,,,,性,,~分子/~[地]抵抗
顽皮,wan2pi2,,可,可,,,地,可,,,,,,,,,,,,,,,~孩子/~地骑在牛背上/这孩子真~
顽强,wan2qiang2,,可,可,,可,地,可,,,,,,,,,,,,,,,~作风/~[地]拼搏/需要~一些/战士们打得很~
晚,wan3,,可,可,否,可,,,,,,,,,,,,,,,,,~礼服/~走/~上班/来得太~了
惋惜,wan3xi1,,,,,,地,可,,,,,,,,,,,,,,,很~地说/~的口气
婉转,wan3zhuan3,1,可,,,,地,可,,,,,,,,,,,,,,,(说话)温和而曲折:措词~/~的方式/~地问
婉转,wan3zhuan3,2,可,,,,地,可,,,,,,,,,,,,,,,(歌声、鸟鸣声)抑扬动听:~的曲子/姑娘们~地唱着
旺盛,wang4sheng4,,可,可,,,地,可,,,,,,,,,,,,,,,~的生命力/~时期/很~地生长起来
危急,wei1ji2,,可,可,,,,,,,,,,,,,,,,,,,~[的]关头/~的形势
危险,wei1xian3,,可,可,,,,,,有,,,,,,,,,,,,,~的时刻/~分子
威风,wei1feng1,,,,,,地,可,,,,,,,,,,ABAB,,,,,~的样子/很~地站在那儿
威武,wei1wu3,,可,,,,地,可,,,,,,,,,,,,,,,~的气概/~地吼叫着/小伙子相貌真~
威严,wei1yan2,,可,,,,地,可,,,,,,,,,,,,,,,~的目光/~地望着队伍
微薄,wei1bo2,,,,,,,,,,,,,,,,,,,,,,~的收入/~的力量
微妙,wei1miao4,,,,,,,,,,,,,,,,,,,,,,~的关系/关系十分~
微弱,wei1ruo4,,可,可,,,地,可,,,,,,,,,,,,,,,~的声音/~地跳动
微小,wei1xiao3,,,,,,,,,,否,,,,,,,,,,,,~的力量
为难,wei2nan2,,可,,,,地,可,,,,,,,,,,,,,,v,~的样子/~地摇摇头/这件事非常~
伟大,wei3da4,,,可,,,,,,,,,,,,,,,,,,,~[的]祖国
卫生,wei4sheng1,,可,可,,,,,,,,,可,,,,,,,,,,~习惯/~的环境/环境~
温存,wen1cun2,,可,,,,地,可,,,,,,,,,,,,,,,~的态度/~地问寒问暖
温和,wen1he2,,可,,,,地,可,,,,,,,,,,,,,,,~的天气/~地说了几句
温暖,wen1nuan3,,可,,,,,,准,有,,,可,,,,,,,,,v,没有~/带来~/家庭~/~的阳光/感到集体的~
温热,wen1re4,,,,,,,,准,,否,,,,,,,,,,,,保持~
温柔,wen1rou2,,可,,,,地,可,,,,,,,,,,,,,,,~的性情/~地抚摸着他
温顺,wen1shun4,,可,,,,地,可,,,,,,,,AABB,z,,,,,,~的姑娘/~地点了点头
温馨,wen1xin1,,可,,,,,,,,,,,,,,,,,,,,~的情谊/~的家
文静,wen2jing4,,可,,,,地,可,,,,,,,,AABB,z,,,,,,~的孩子/~地坐着/他文文静静地坐着看书
文明,wen2ming2,,可,可,,可,地,可,,,,,,,,,,,,,,n,~古国/~[的]行为/~地说/~生产/~经商
文雅,wen2ya3,,可,,,,地,可,,,,,,,,AABB,z,,,,,,~的样子/~地说句笑话
紊乱,wen3luan4,,可,可,,,,,,,,,,,,,,,,,,,~状态/~的心律/~一些
稳,wen3,,可,,否,可,,可,,,,,,,,AA,,,,,,v,~坐/很~地站了半天/他~~地站着
稳当,wen3dang5,,可,,,,地,可,,,,,,,,AABB,z,,,ABB,,,他是个~的人/~地处理问题
稳定,wen3ding4,,可,,,可,地,可,准,,,,,,,,,,,,性,v,~的工作/~[地]增长/保持物价的~
稳固,wen3gu4,,可,,,,地,可,,,,,,,,,,,,,,v,~[的]基础/~地扎下了根
稳妥,wen3tuo3,,可,,,,地,可,,,,,,,,,,,,,,,~的做法/~地解决了
稳重,wen3zhong4,,可,,,,地,可,,,,,,,,AABB,z,,,,,,~的人/~地笑了笑/他稳稳重重地主持着会议
窝囊,wo1nang5,,可,可,,,地,可,,,,,,,,AABB,z,,,,,,~气/办了一件~事/这个人真~
龌龊,wo4chuo4,,,可,,,,,,,,,,,,,,,里,,,,~小人/~的地方
无聊,wu2liao2,,可,,,,地,可,,,,,,VO,,,,,,,,,~的人/~的生活/~地说个没完
无情,wu2qing2,,可,,,,地,可,,,否,,,VO,,,,,,,,,~的人/~地打击
无知,wu2zhi1,,可,,,,地,可,,,,,,VO,,,,,,,,,~的小孩/~地退学了
妩媚,wu3mei4,,可,,,,地,可,,,否,,,,,,,,,,,,~的笑容/~地笑了/她笑得十分~
武断,wu3duan4,,可,,,,地,可,,,,,,,,,,,,,,,~的结论/~地否认
希罕,xi1han5,,,可,,,,,,,,,,,,,,,,,,v,~事儿
稀,xi1,,可,可,,,,,,,,,,,,AA,,,,,,,~泥/~粥/~~地长了几根头发
稀薄,xi1bo2,,可,,,,,,,,,,,,,,,,,,,,~的空气
稀罕,xi1han5,,,可,,,,,,,,,,,,,,,,,,v,~玩意儿/~的东西
稀奇,xi1qi2,,,可,,,,,,,,,,,,,,,,,,,~的动物/~事儿
稀疏,xi1shu1,,,,,,地,可,,,,,,,,AABB,z,,,,,,~地分布着/~的头发
喜人,xi3ren2,,,可,,,,,,,,,,VO,,,,,,,,,~局面/~的小麦
喜悦,xi3yue4,,可,,,,地,可,,有,,,,,,,,,,,,,~的心情/~地奔走相告
细,xi4,,可,可,,可,,,,,,,,,,AA,,,,,化,,~想/~铁丝/切得~~的/~~地检查一下
细密,xi4mi4,,,,,,地,可,,,,,,,,,,,,,,,~的布料/~地分析
细腻,xi4ni4,,可,,,,地,可,,,,,,,,,,,,,,,~的瓷器/~地刻画人物性格/手法~
细弱,xi4ruo4,,,,,,,,,,,,,,,,,,,,,,~的声音
细微,xi4wei1,,,,,,,,,,,,,,,,,,,,,,~的差别
细小,xi4xiao3,,,,,,,,,,,,,,,AABB,z,,,,,,~的裂缝/差别十分~
细心,xi4xin1,,可,,,可,地,可,,,,,,,,,,,,,,,~的人/~[地]观察
细致,xi4zhi4,,可,可,,,地,可,,,,,,,,,,,,,,,非常~地做工作/这是一件~活儿/~一些
狭隘,xia2ai4,,可,,,,地,可,,,,,,,,,,,,,,,~的山道/~的心胸/~的关口/~地理解
狭小,xia2xiao3,,可,,,,,,,,,,,,,,,,,,,,~的空间
狭窄,xia2zhai3,,可,,,,,,,,,,,,,,,,,,,,~的走廊/~的教室/~的思路
下贱,xia4jian4,,可,,,,,,,,,,,,,,,,,,,,~的女人
下流,xia4liu2,,可,可,,,地,可,,,,,,,,,,,,,,s,~东西/~话/~地骂了一句
吓人,xia4ren2,,,,,,,,,,,,,VO,VO,,,,,,,,~的地方/真吓死人
先进,xian1jin4,,,可,,,,,,,,,,,,,,,,,性,n,~人物/保持~/设备十分~/评出两个~(n)
鲜,xian1,,可,可,,,,,,,,,,,,,,,,,,,~啤酒/~[的]肉比咸肉好吃
鲜美,xian1mei3,,可,,,,,,,,,,,,,,,,,,,,~的味道/~的水果/菜炒得~
鲜明,xian1ming2,,可,,,,,,,,,,,,,,,,,,,,~的立场
鲜嫩,xian1nen4,,可,,,,,,,,,,,,,,,ABAB,,,,,~的莲藕/这韭菜~~的
鲜艳,xian1yan4,,可,,,,,,,,,,,,,,,,,,,,~的花朵
闲,xian2,,可,可,,可,,,,,,,,,,,,,,,,v,~人/~谈
闲散,xian2san3,,,可,,,,,,,,,,,,,,,,,,,~人员/~的日子
贤惠,xian2hui4,,可,,,,,,,,,,,,,,,,,,,,~的妻子
贤淑,xian2shu1,,,,,,,,,,,,,,,,,,,,,,~的女人
咸,xian2,,可,可,,,,,,,,,,,,,,,,,,,~鱼
显赫,xian3he4,,可,可,,,,,,,,,,,,,,,,,,,~地位/~的权势
显眼,xian3yan3,,可,,,,,,,,,,,VO,,,,,,,,,~的地方
显要,xian3yao4,,,可,,,,,,,,,,,,,,,,,,n,~人物
显著,xian3zhu4,,可,可,,可,地,可,,,,,,,,,,,,,,,~区别/~[的]位置/~提高/~地超过别人的实力
险恶,xian3e4,,,,,,,可,,,,,,,,,,,,,,,~的用心
险峻,xian3jun4,,,,,,,,,,,,,,,,,,,,,,~的关口
险要,xian3yao4,,,可,,,,,,,,,,,,,,,,,,,~地势/~[的]地段
现实,xian4shi2,,可,可,,,地,可,,,,,,,,,,,,,,n,~主义/~的观点/~地作出选择
相近,xiang1jin4,,可,,,,,,,,,,,,,,,,,,,,很~的地方不多
相似,xiang1si4,,,可,,,,,,,,,,,,,,,,,"性,度",,~三角形/~的模样
相像,xiang1xiang4,,可,,,,,,,,,,,,,,,,,,,,~的地方
香,xiang1,,可,可,,,,,,,,,,,,AA,,,,,,n,~喷喷/~味儿/~的气味/这茶~~的
香甜,xiang1tian2,,可,,,,,,,,,,,,,AABB,z,,,,,,~的饼干/香香甜甜地睡上一觉
详尽,xiang2jin4,,可,,,可,地,可,,,,,,,,,,,,,,,~的计划/~地讲解/~[地]介绍
详实,xiang2shi2,,可,,,,地,可,,,,,,,,,,,,,,,~的材料/~地叙述
详细,xiang2xi4,,可,可,,可,地,可,,,,,,,,AABB,z,,,,,,~计划/~[地]汇报/详详细细地分析事故的原因
祥和,xiang2he2,,,,,,,,,,,,,,,,,,,,,,~的神情/一片~的景象
响,xiang3,,可,,,,,,,,,,,,,,,,,,,v,~当当/很~的声音/~得震耳欲聋/全场~起暴雨般的掌声(v)
响亮,xiang3liang4,,可,,,,地,可,,,,,,,,,,,,,,,~的声音/~地奏起了国歌
像样,xiang4yang4,,可,,,,,,,,,,,VO,VO,AABB,z,,,,"子,儿",,~的作品/~的文章不多/他的钢笔字不~
消沉,xiao1chen2,,可,,,,地,可,,,,,,,,,,,,,,,~的样子/~地说/很~地看待人生
消极,xiao1ji2,,可,可,,可,地,可,,,,,,,,,,,,,,,~因素/~反抗/~[地]防御
消瘦,xiao1shou4,,可,,,,,,,,,,,,,,,,,,,,~的身躯
萧条,xiao1tiao2,,可,可,,,,,,,,,,,,,,,,,,,~[的]景象/农村经济一度~
潇洒,xiao1sa3,,可,,,,地,可,,,,,,,,AABB,z,,,,,,~的风度/~地走过来/他变得更~了
嚣张,xiao1zhang1,,可,可,,,地,可,,,,,,,,,,,,,,,~气焰/~的敌人/~地骂道
小,xiao3,,可,可,,可,,,,,,,,,,AA,,,,,,h,~看/~孩子/~屋子/功率太~了/~~的个儿
小气,xiao3qi5,,可,,,,地,可,,,,,,,,,,,里,,,,很~的人/~地说/那个人小里小气的
小心,xiao3xin1,,可,,,可,地,可,,,,,,,,AABB,z,,,,,v,~的事儿/~地操作/~小偷(v)
协调,xie2tiao2,,可,,,可,地,可,,,,,,,,,,,,,性,v,~的方式/保持内部的~/~地进行
邪,xie2,,,可,否,,,,,,,,,,,,,,,,,,~劲儿
邪恶,xie2e4,,,可,,,地,可,,,,,,,,,,,,,,,~势力/~地笑了
斜,xie2,,可,可,,可,,,,,,,,,,,,,,,,v,~边/~线/~躺着
懈怠,xie4dai4,,可,可,,,地,可,,,,,,,,,,,,,,,~情绪/~的作风/他一贯很~地对待工作
心虚,xin1xu1,,,,,,地,可,,,,,,,,,,,,,,,~的神情/~地解释来解释去
辛苦,xin1ku3,,可,,,,地,可,,,,,,,,AABB,z,,,,,v,~钱/~的工作/~地劳动着
辛劳,xin1lao2,,可,,,,地,可,,,,,,,,,,,,,,,~的母亲/~地工作着
辛勤,xin1qin2,,,,,可,地,可,,,,,,,,,,,,,,,~的园丁/~[地]培育下一代/~劳动
辛酸,xin1suan1,,,,,,地,,,,,,,,,,,,,,,,~生活/~的往事/~地度过了10个春秋
欣慰,xin1wei4,,可,,,,地,可,,,,,,,,,,,,,,,~的样子/~地微笑了/感到十分~
欣喜,xin1xi3,,,,,,地,可,,,,,,,,,,,,,,,~的眼光/~地说
新,xin1,,可,可,,可,,,,,,,,,,AA,,,,,,d,~衣服/家具~~的
新奇,xin1qi2,,可,可,,,,,,,,,,,,,,,,,,,~玩意儿
新鲜,xin1xian1,,可,可,,,,,准,,,,,,,AABB,z,ABAB,,,,,~蔬菜/~血液/保持~
新颖,xin1ying3,,可,可,,,,,,,,,,,,,,,,,,,~的布局/~的构思/追求造型上的~
兴奋,xing1fen4,,可,可,,,地,可,准,,,,,,,,,,,,剂,v,抑制内心的~/~状态/~的心情/~地谈论着/~一下大脑(v)
兴隆,xing1long2,,可,,,,,,,,,,,,,,,,,,,,~的家族/~的事业/生意极为~
兴盛,xing1sheng4,,可,可,,,,,,,,,,,,,,,,,,,~景象/~的民族/国家十分~
兴旺,xing1wang4,,可,可,,,,,,,,,,,,,,,,,,,一片~[的]景象
醒目,xing3mu4,,可,,,,地,可,,,,,,VO,,,,,,,,,~的标题/很~地挂在大厅的正中
幸福,xing4fu2,,可,可,,,地,可,准,有,,,,,,,,,,,,,~[的]日子/~地生活在一起/感到人生的~
幸运,xing4yun4,,可,可,,,地,可,,,,,,,,,,,,,,,~观众/~地看到那颗正在坠落的彗星
凶,xiong1,,可,可,否,,,可,,,,,,,,,,,,,,,~事/样子真~
凶残,xiong1can2,,可,,,,地,可,,,,,,,,,,,,,性,,~的本性/~地剥削
凶恶,xiong1e4,,可,可,,,地,可,,,,,,,,,,,,,,,~面目/~的模样/~地扑过来
凶悍,xiong1han4,,可,,,,,,,,,,,,,,,,,,,,~的民族
凶狠,xiong1hen3,,可,,,,地,可,,,,,,,,,,,,,,,~的样子/~地扑了过去
凶猛,xiong1meng3,,可,,,,地,可,,,,,,,,,,,,,,,~的野兽/~地反扑
凶险,xiong1xian3,,,,,,地,可,,,,,,,,,,,,,,,~的敌人/~地笑着/他病情~
雄厚,xiong2hou4,,可,,,,,,,,,,,,,,,,,,,,~的实力/兵力十分~/经济实力再~一些
雄伟,xiong2wei3,,,可,,,地,可,,,,,,,,,,,,,,,~大厦/~[的]气势/~的建筑物/赵州桥~地横跨两岸
雄壮,xiong2zhuang4,,,,,,地,可,,,,,,,,,,,,,,,~的乐曲/坦克队伍~地开过来了
羞怯,xiu1qie4,,可,,,,地,可,,,,,,,,,,,,,,,~的模样/~地逃走了
羞涩,xiu1se4,,可,,,,地,可,,,,,,,,,,,,,,,~的眼光/~地说
秀丽,xiu4li4,,可,,,,,,,,,,,,,,,,,,,,~的山川/~的长发
秀美,xiu4mei3,,可,,,,,,,,,,,,,,,,,,,,~的书法
秀气,xiu4qi4,,可,,,,地,可,,,,,,,,,,,,,,,~的庭院/~的眼睛/姑娘~地答应了一声
秀雅,xiu4ya3,,,,,,,,,,,,,,,,,,,,,,很~的样子
虚,xu1,,可,,,可,,,,,,,,,,,,,,,化,,~晃一枪/~的图像
虚荣,xu1rong2,,可,可,,,,,,,,,,,,,,,,,,,很~/~心/很~的人
虚弱,xu1ruo4,,可,,,,,,,,,,,,,,,,,,,,~的身体/~地维持着家业
虚伪,xu1wei3,,可,,,,地,可,,,,,,,,,,,,,性,,~的言词/~地称赞/人人都讨厌~
虚心,xu1xin1,,可,,,可,地,可,,,,,,,,,,,,,,,~的人/~[地]求教
绚烂,xuan4lan4,,,,,,,,,,,,,,,,,,,,,,~的花朵
绚丽,xuan4li4,,,,,,,,,,,,,,,,,,,,,,~的鲜花
寻常,xun2chang2,,,可,,可,,,,,,,,,,,,,,,,,~小事/~人家/~的事情/商店~是8点关门
迅猛,xun4meng3,,,,,可,地,可,,,,,,,,,,,,,,,~[地]发展/~的海浪
迅速,xun4su4,,可,,,可,地,可,,,,,,,,,,,,,,,~[地]转移/~的反应
压抑,ya1yi4,,可,,,,地,可,,,,,,,,,,,,,,v,~的心情/~地说不出话来/~了自己的感情(v)
雅致,ya3zhi4,,,,,,,,,,,,,,,,,,,,,,~的书房/办公室布置得十分~
严,yan2,,可,,否,可,,,,,,,,,,AA,,,,,,,~办/关得~~的
严格,yan2ge2,,可,,,可,地,可,,,,,,,,,,,,,,v,~的纪律/~[地]检查/~制度(v)
严谨,yan2jin3,,可,可,,,地,可,,,,,,,,,,,,,,,~作风/~的结构/~地处理每一个问题
严峻,yan2jun4,,可,可,,,地,可,,,,,,,,,,,,,,,~考验/~现实/~地望着大家
严厉,yan2li4,,可,,,可,地,可,,,,,,,,,,,,,,,~的措词/~[地]批评
严密,yan2mi4,,可,,,可,地,可,,,,,,,,AABB,z,,,,,,~的情报网/~[地]监视
严肃,yan2su4,,可,,,可,地,可,,,,,,,,,,,,,性,v,~的表情/~[地]批评/~党纪(v)
严整,yan2zheng3,,,,,,,,,,,,,,,,,,,,,,~的军容/建筑群布局~
严重,yan2zhong4,,可,可,,可,地,可,,,,,,,,,,,,,,,~后果/~地影响了农民的收入/~违章
炎热,yan2re4,,,,,,,,,,,,,,,,,,,,,,~的天气
眼热,yan3re4,,,,,,,,,,,,,,,,,,,,,,对这块玉我很~/~的人不少
眼熟,yan3shu2,,,,,,,,,,否,,,,,,,,,,,,"很~的一个人,但叫不出名字来"
艳,yan4,,可,,,,,,,,,,,,,,,,,,,,很~的衣服
洋气,yang2qi4,,可,,,,,,,,,,,,,,,,,,,,很~的样子
痒,yang3,,可,,,,,,,,,,,,,AA,,,,,,,~的地方/皮肤感到~~的
妖媚,yao1mei4,,可,,,,,,,,,,,,,,,,,,,,~的狐狸精
妖艳,yao1yan4,,可,,,,,,,,,,,,,,,,,,,,~的样子
妖冶,yao1ye3,,可,,,,,,,,,,,,,,,,,,,,~的女孩
遥远,yao2yuan3,,可,,,,,,,,,,,,,,,,,,,,~的事情/~了一些
要好,yao4hao3,,,,,,,,,,,,,VO,,,,,,,,,~的朋友
要紧,yao4jin3,,,可,,,,,,,,,,,,,,,,,,,~事儿/~的话
要强,yao4qiang2,,可,,,,地,可,,,,,,VO,,,,,,,,,~的人/~地说
耀眼,yao4yan3,,可,,,,,,,,,,,VO,,,,,,,,,~的灯光
野,ye3,,可,可,,可,,,,,,,,,,,,,,,性,b,这个人很~/~小子/这孩子到处~跑/~花(b)
野蛮,ye3man2,,可,可,,可,地,可,,,,,,,,,,,,,性,,~人/~时期/~地骂了一句/~装卸
一般,yi1ban1,,,可,,可,地,,,,,,,,,,,,,,,du,"通常:~人/~的问题/~地说/~会回来;一样,同样:~高(d)"
遗憾,yi2han4,,,,,,地,可,,有,,,,VO,,,,,,,,,~的事/~地说/感到莫大的~
疑惑,yi2huo4,,,,,,地,可,,,,,,,,AABB,,,,,,v,~的问题/~地问/我对此事疑疑惑惑
异常,yi4chang2,,可,可,,,,,,有,否,,,,,,,,,,,d,~情况/~[的]现象
抑郁,yi4yu4,,可,可,,,地,可,,,,,,,,,,,,,,,~情绪/~地死去了
意外,yi4wai4,,可,可,,,地,可,,有,,,,,,,,,,,,,~事故/~地遇见他
阴暗,yin1an4,,可,可,,,,,,,,,,,,,,,,,,,~心理/~的角落
阴毒,yin1du2,,,,,,,,,,,,,,,,,,,,,,~的计划/这人手段~
阴冷,yin1leng3,,,,,,,,,,,,,,,,,ABAB,,,,,~的地方/北屋~~的
阴凉,yin1liang2,,可,,,,,,,,,,,,,,,ABAB,,,,,~的地方
阴森,yin1sen1,,,,,,,,,,否,,,,,,,,,ABB,,,~的房子/阴森森的鬼地方
阴险,yin1xian3,,可,可,,,地,可,,,,,,,,,,,,,,,~人物/~地笑了笑
殷切,yin1qie4,,,可,,可,地,可,,,,,,,,,,,,,,,~心情/~[的]期望/~地照料她/~盼望
殷勤,yin1qin2,,可,,,可,地,可,,,,,,,,,,,,,,,献~/~的女主人/~地端茶倒水
殷实,yin1shi2,,,可,,,,,,,,,,,,,,,,,,,~人家/他家~极了
淫荡,yin2dang4,,可,,,,,,,,,,,,,,,,,,,,~的女人
淫秽,yin2hui4,,可,可,,,,,,,,,,,,,,,,,,,~刊物
隐蔽,yin3bi4,,可,,,,,,,,,,,,,,,,,,,v,~的手法/活动非常~/~前进/~地进行
英俊,ying1jun4,,,可,,,,,,,,,,,,,,,,,,,~少年/他长得~/小伙非常~
英明,ying1ming2,,,可,,,地,可,,,,,,,,,,,,,,,~的领袖/~决策/~地指出
英武,ying1wu3,,,,,,,,,,,,,,,,,,,,,,~的形象
英勇,ying1yong3,,,,,可,地,可,,,,,,,,,,,,,,,~的精神/~[地]牺牲了/~抗争/他们打得很~
硬,ying4,,可,可,,可,,,,,,,,,,AA,,,,,"化,度",d,~东西/一层~~的壳/他~要干(d)
硬朗,ying4lang5,,可,,,,,,,,,,,,,,,,,,,,~的身子/父母身体挺~
庸俗,yong1su2,,可,,,可,地,可,,,,,,,,,,,,,化,,~的作品/~[地]理解/~地看待
臃肿,yong1zhong3,,可,,,,地,可,,,,,,,,,,,,,,,~的模样/~地穿在身上
勇敢,yong3gan3,,可,,,可,地,可,,,,,,,,,,,,,者,,~战斗/~地站起来/~[的]行为
勇猛,yong3meng3,,可,,,,地,可,,,,,,,,,,,,,,,~的斗士/~地杀出一条血路
踊跃,yong3yue4,,可,,否,可,地,可,,,,,,,,,,,,,,,~[地]参加
用功,yong4gong1,,可,,,可,地,可,,,,,,VO,VO,,,,,,,,~学习/~的人/~[地]读书/你要多用用功
用心,yong4xin1,,可,,,可,地,可,,,,,,VO,VO,,,,,,,n,~体会/~地思考着/~的神情
优厚,you1hou4,,可,,,,,,,,,,,,,,,,,,,,~的待遇
优美,you1mei3,,可,,,,,,,,,,,,,,,,,,,,~的艺术造型/~的诗篇
优柔,you1rou2,,,,,,,,,,,,,,,,,,,,,,~的性格
优秀,you1xiu4,,,可,,,,,,,,,,,,,,,,,,,~学生/~人才
优异,you1yi4,,,可,,,,,,,否,,,,,,,,,,,,~成绩/~[的]贡献
优裕,you1yu4,,可,,,,,,,,,,,,,,,,,,,,~的生活
优越,you1yue4,,可,,,,,,,,,,,,,,,,,,性,,~的条件/他的家境比我~多了
忧愁,you1chou2,,可,,,,地,可,准,有,,,,,,,,,,,,,一点也不~/~的样子/~地说/分担他的~/忘记内心的~
忧伤,you1shang1,,可,,,,地,可,,,,,,,,,,,,,,,~的情绪/~地看着老天
忧郁,you1yu4,,可,,,,地,可,,,,,,,,,,,,,,,~的眼光/~地说/他的性格太~了
幽暗,you1an4,,可,,,,,,,,,,,,,,,,,,,,~的山洞
幽静,you1jing4,,可,,,,,,,,,,,,,,,,,,,,~的地方/~的黎明
幽默,you1mo4,,可,可,,,地,可,,,,,,,,,,,,,,,充满~/~小品/~地说
悠久,you1jiu3,,可,,,,,,,,,,,,,,,,,,,,~的历史
悠闲,you1xian2,,可,,,,地,可,,,,,,,,AABB,z,,,,,,~的老人/~地散步/悠悠闲闲地喝茶聊天
悠扬,you1yang2,,,,,,地,,,,,,,,,AABB,z,,,,,,~的歌声/钟声~地飘过来/悠悠扬扬吹起口琴
犹豫,you2yu4,,可,,,,地,可,,,,,,,,AABB,z,,,,,,正在~去不去/~的时候/~地走了
油腻,you2ni4,,可,,,,,,,,,,,,,,,,,ABB,,n,~的手/~的食物/忌食~(n)
友好,you3hao3,,可,可,,可,地,可,准,,,,,,,,,,,,,,~[的]国家/保持各国人民之间的~/~相处/~地交谈
有力,you3li4,,可,可,,可,地,可,,,否,,,VO,,,,,,,,,~武器/~的词语/~[地]回击
有利,you3li4,,,可,,,,,,,否,,,VO,,,,,,,,,~条件/~的局面/~于中国/~于收割小麦
有趣,you3qu4,,可,,,,,,,,,,,VO,,,,,,,,,一点也不~/~的故事/那个小胖子挺~的
有限,you3xian4,,可,可,,,,,,,否,,,VO,,,,,,,性,,在~范围内
有效,you3xiao4,,,可,,可,地,可,,,否,,,VO,,,,,,,,,~方法/~[的]措施/~地劳动/~[地]阻止
有益,you3yi4,,,,,,,,,,否,,,VO,,,,,,,,,~的事/适当的锻炼对健康~
幼小,you4xiao3,,,,,,,,,,否,,,,,,,,,,,,~的心灵
幼稚,you4zhi4,,可,,,,地,可,,,,,,,,,,,,,,,"~的想法/~的小孩/~地说:""天掉下来怎么办?"""
诱人,you4ren2,,,,,,,,,,,,,VO,,,,,,,,,~的香气
迂腐,yu1fu3,,可,,,,地,可,,,,,,,,,,,,,,,~的脑子/~地考虑问题
愉快,yu2kuai4,,可,,,,地,可,,,,,,,,AABB,z,,,,,,~的心情/~地答应了
愚笨,yu2ben4,,可,,,,地,可,,,,,,,,,,,,,,,~的想法/~地扳着手指数
愚蠢,yu2chun3,,可,可,,,地,可,,,,,,,,,,,,,,,~作法/~事/~地追了过去
愚昧,yu2mei4,,可,,,,地,可,,,,,,,,,,,,,,,~的习俗/~地生活着
郁闷,yu4men4,,,,,,地,可,,,,,,,,,,,,,,,~的感觉/~地沉吟起来
郁热,yu4re4,,,,,,,,,,,,,,,,,,,,,,~的天气
郁悒,yu4yi4,,,,,,地,可,,,,,,,,,,,,,,,~的心情/~地流下了眼泪
冤,yuan1,,可,可,否,,,,,,,,,,,,,,,,,,花~钱/这件事真~
渊博,yuan1bo2,,,,,,,,,,,,,,,,,,,,,,~的知识/导师的学识很~
原始,yuan2shi3,,,可,,,,,,,否,,,,,,,,,,性,,~资料
圆,yuan2,,可,可,,,,,,,,,,,,AA,,,,,,nq,~球/小孩的脸~~的
圆滑,yuan2hua2,,可,,,,地,可,,,,,,,,,,,,,,,~的人/~地称赞
圆满,yuan2man3,,可,,,可,地,可,,,,,,,,AABB,z,,,,,,~的结果/~[地]结束/解决得很~
圆润,yuan2run4,,可,,,,,,,,,,,,,,,,,,,,~的歌喉/~的唱腔
圆熟,yuan2shu2,,,,,,,,,,,,,,,,,,,,,,~的手艺/小李处事很~
远,yuan3,,可,可,,可,,可,,,,,,,,AA,d,,,,,,~看/~路/很~地看/~~超过
远大,yuan3da4,,,可,,,,,,,,,,,,,,,,,,,~目标/~[的]理想
悦耳,yue4er3,,可,,,,,,,,,,,VO,,,,,,,,,~的歌声/歌声清脆~
匀称,yun2chen4,,可,,,,地,可,,,,,,,,AABB,z,,,,性,,很~的身材/~地栽种了很多花草树木/身材长得~
匀净,yun2jing5,,可,,,,,,,,,,,,,AABB,z,,,,,,~的毛线
匀整,yun2zheng3,,可,,,,地,,,,,,,,,AABB,z,,,,,,~的字迹/~地摆着
杂,za2,,可,可,否,可,,,,,,,,,,,,,,,,v,~事儿/~采众家之长/~有红花(v)
杂乱,za2luan4,,可,,,,地,可,,,,,,,,,,,,,,,~的东西/~地放着
在理,zai4li3,,,,,,,,,,,,,VO,,,,,,,,,~的话应该听
在行,zai4hang2,,,,,,地,可,,,,,,VO,,,,,,,,,~的师傅/很~地分析
脏乱,zang1luan4,,可,,,,,,,,,,,,,,,,,,,,~的地方/房间~不堪
糟糕,zao1gao1,,,,,,,,,,,,,,,,,,,,,,~的事/真~
早,zao3,,可,,,可,,,,,,,,,,AA,d,,,,,,~~走了/~下手/这是很~的事
燥热,zao4re4,,可,,,,,,,,,,,,,,,,,,,,感到~/~的天气
扎实,zha1shi5,,可,,,,地,可,,,,,,,,AABB,z,,,,,,~地抓好基础训练/~的工作/扎扎实实地为市民办实事
扎手,zha1shou3,,,,,,,,,,,,,VO,,,,,,,,,~的事情
窄,zhai3,,可,可,,,,,,,,,,,,AA,,,,,,,~路/路面~~的
窄小,zhai3xiao3,,可,,,,,,,,,,,,,,,,,,,,~的气量
仗义,zhang4yi4,,,可,,,,,,,,,,VO,,,,,,,,,~行为
胀,zhang4,,可,,,,,,,,,,,,,AA,,,,,,v,感到肚子~~的/~的感觉
珍贵,zhen1gui4,,,可,,,,,,,,,,,,,,,,,,,~文物/~的照片
真,zhen1,,,可,,,,,,,,,,,,,,,,,,d,~功夫/~事/我看得很~/~美(d)
真诚,zhen1cheng2,,可,,,可,地,可,,,,,,,,,,,,,,,~的态度/~相见/~地希望
真切,zhen1qie4,,,,,,地,可,,,,,,,,AABB,z,,,,,,~的画面/~地感受到生活的美好
真实,zhen1shi2,,可,可,,,地,可,,,,,,,,,,,,,,,~故事/~情况/~地再现了当年农村的情况
真挚,zhen1zhi4,,,可,,,地,可,,,,,,,,,,,,,,,~情感/~地表达了个人感情/他对人十分~
镇定,zhen4ding4,,可,,,,地,可,准,,,,,,,,,,,,,v,~的情绪/~地缓缓前进/保持~
镇静,zhen4jing4,,可,,,,地,可,准,,,,,,,,,,,,,,~的态度/~地安慰别人/心情十分~
狰狞,zheng1ning2,,,可,,,地,可,,,,,,,,,,,,,,,~面目/~地说/相貌~可怕
整,zheng3,,,可,否,可,,,,,,否,,,,AA,d,,,,,v,~11个年头了/~钱/~买~卖
整洁,zheng3jie2,,可,,,,,,准,,,,,,,,,,,,,,~的房间/保持房屋的~/街道非常~
整齐,zheng3qi2,,可,,,,地,可,准,,,,,,,AABB,z,,,,,,~的宿舍/~地摆着/保持房间的~
正,zheng4,,可,可,,,,,,,,,,,,,,,,,,vdb,~中间/味儿不~/他们单位风气很~
正常,zheng4chang2,,可,可,,可,地,可,,,,,,,,,,,,,化,,~[的]情况/~[地]进行
正规,zheng4gui1,,可,可,,,地,可,,,,,,,,AABB,z,,,,化,,~部队/~的队伍/~地装备起来了/正正规规地表演
正经,zheng4jing5,,可,可,,,地,可,,,,,,,,AABB,z,,,,,,~地说/~人/正正经经地做人
正派,zheng4pai4,,可,可,,,地,可,,,,,,,,AABB,z,,,,,,~人物/~的路线/~地从事商业活动
正确,zheng4que4,,,可,,可,地,可,,,,,,,,,,,,,"性,率",,~[的]理论/~[地]处理人民内部矛盾
正式,zheng4shi4,,可,可,,可,地,可,,,,,,,,,,,,,,,~户口/~的手续/~结婚/~地签字
正统,zheng4tong3,,可,可,,,,,,,,,,,,,,,,,,,~思想/他的唱腔属于~的梅派
正直,zheng4zhi2,,可,,,,地,可,,,,,,,,,,,,,,,~的人/很~地过了一辈子
郑重,zheng4zhong4,,,,,可,地,可,,,,,,,,,,,,,,,~的神情/~地声明/~[地]宣布退出竞选
知心,zhi1xin1,,,可,,,,,,,,,,VO,,,,,,,,,~朋友/~话
执著,zhi2zhuo2,,可,,,,地,可,,,,,,,,,,,,,,,~的心愿/~地追求真理/不要太~
直,zhi2,,可,可,,,,,,,,,,,,AA,,,,,,dv,马路~~的/~的铁丝/这是一条~路/~起腰来(v)
直观,zhi2guan1,,可,可,,可,地,可,,,,,,,,,,,,,性,,~教具/~地理解/~讲解/~教学
直接,zhi2jie1,,,可,,可,地,可,,,,,,,,,,,,,,,~[的]原因/~[地]处理
直率,zhi2shuai4,,可,,,,地,可,,,,,,,,,,,,,,,~的性格/~地回答
值钱,zhi2qian2,,可,,,,,,,,,,,VO,VO,,,,,,,,没什么~的东西
质朴,zhi4pu3,,可,,,,地,可,,,,,,,,,,,,,,,"~的风格/~地表示/这座建筑群,古雅~"
中看,zhong1kan4,,可,,,,,,,,,,,VO,,,,,,,,,~的作品/这幅字很~/这东西~不中吃
中肯,zhong4ken3,,可,,,,地,可,,,,,,,,,,,,,,,~的话/~地劝他
中听,zhong1ting1,,可,,,,,,,,,,,VO,,,,,,,,,不~的劝告/这话很~
中用,zhong1yong4,,,,,,,,,,,,,VO,,,,,,,,,不~的干部
忠诚,zhong1cheng2,,可,可,,,地,可,,,,,,,,,,,,,,v,~卫士/~的朋友/~地为人民服务/对祖国无限~/~党的教育事业(v)
忠厚,zhong1hou4,,可,,,,,,,,,,,,,,,,,,,,~的山里人
忠实,zhong1shi2,,可,可,,,地,可,,,,,,,,,,,,,,,~听众/~[的]信徒/~地反映祖国新面貌
重,zhong4,,可,可,,可,,,,,,,,,,AA,,,,,,v,~打/~活儿/~病/~~地打了一耳光/情义很~/~形式(v)
重要,zhong4yao4,,可,可,,,,,,,,,,,,,,,,,性,,~人物/~文件/任务很~
周到,zhou1dao4,,可,,,,地,可,,,,,,,,,,,,,,,~的地方/~地看护
周密,zhou1mi4,,可,,,,地,可,,,,,,,,,,,,,,,~的计划/~地思考/这幅画构思上不太~
周全,zhou1quan2,,可,,,,地,可,,,,,,,,,,,,,,,想~了/~的计划/很~地安排
周详,zhou1xiang2,,可,,,,地,可,,,,,,,,,,,,,,,很~地准备/~的方案/他考虑得十分~
主动,zhu3dong4,,可,可,,可,地,可,,,,,,,,,,,,,性,,~权/很~的同志/~[地]进攻
主观,zhu3guan1,,,可,,,地,可,,,,,,,,,,,,,性,n,~想像/~地考虑/你太~了
专断,zhuan1duan4,,可,可,,,地,可,,,,,,,,,,,,,,,~行为/~地决定
专横,zhuan1heng4,,可,,,,地,可,,,,,,,,,,,,,,,~的态度/~地处理
专心,zhuan1xin1,,可,,,可,地,可,,,,,,VO,,,,,,,,,~听课/~的学生/~地听讲
专一,zhuan1yi1,,可,,,,地,可,,,,,,,,,,,,,,,~的爱情/心思~地读书
庄严,zhuang1yan2,,,,,可,地,可,,,,,,,,,,,,,,,~的时刻/~的圣地/~[地]宣誓
庄重,zhuang1zhong4,,可,,,,地,可,,,,,,,,,,,,,,,很~的场合/~地宣布
壮,zhuang4,,可,,否,,,,,,,,,,,AA,,,,,,v,禾苗很~/把小猪养得~~的/~~胆子(v)
壮观,zhuang4guan1,,,可,,,,,,,,,,,,,,,,,,,~景象/~的奇景
壮健,zhuang4jian4,,,,,,地,可,,,否,,,,,,,,,,,,~的身体/~地成长起来
壮丽,zhuang4li4,,,,,,,,,,否,,,,,,,,,,,,~的诗篇
壮烈,zhuang4lie4,,,,,可,地,可,,,,,,,,,,,,,,,死得很~/~[地]牺牲了
壮美,zhuang4mei3,,,,,,,,,,否,,,,,,,,,,,,~的河山
壮实,zhuang4shi5,,可,,,,,,,,,,,,,AABB,z,,,,,,~的身体
准,zhun3,,可,,否,,,,,,,,,,,,,,,,,dhv,他投球很~/没有一杆~的称/不~行人通过(v)
准确,zhun3que4,,可,可,,,地,可,,,,,,,,,,,,,"度,性",,~日期/~的时间/~地计算
准时,zhun3shi2,,可,,,可,地,可,,,,,,,,,,,,,,,~出席/~[地]到达了/他开会很~
拙劣,zhuo1lie4,,可,可,,,地,可,,,,,,,,,,,,,,,~伎俩/~的作品/~地掩饰/文笔很~
茁壮,zhuo2zhuang4,,,,,可,地,可,,,,,,,,,,,,,,,相当~的幼苗/~[地]成长
卓越,zhuo1yue4,,,,,,,,,,,,,,,,,,,,,,~的贡献/~的才能
着急,zhao2ji2,,可,,,可,地,可,,,,,,VO,VO,,,,,,,,~的样子/~地问
仔细,zi3xi4,,可,,,可,地,可,,,,,,,,AABB,z,,,,,,看~/~看/~地去想/仔仔细细看清楚
紫,zi3,,可,可,,,,,,,,,可,,,,,,,,,,玫瑰~/~颜色
自爱,zi4ai4,,可,,,,,,,,,,,,,,,,,,,,需要~/他是一位~的老干部
自傲,zi4ao4,,可,,,,地,可,,,,,,,,,,,,,,,~的神情/~地说
自卑,zi4bei1,,可,可,,,地,可,,,,,,,,,,,,,感,,~心理/~地流下了眼泪
自大,zi4da4,,可,,,,,,,,,,,,,,,,,,,,~的情绪/他太~了
自负,zi4fu4,,可,,,,地,可,,,,,,,,,,,,,,v,很~的家伙/~地反问/出了问题你~(v)
自豪,zi4hao2,,可,,,,地,可,,,,,,,,,,,,,感,,~地说/~的神情
自觉,zi4jue2,,可,,,可,地,可,,,,,,,,,,,,,性,v,"很~的人/~奋斗/~地遵守纪律/病症不明显,病人常常不~(v)"
自满,zi4man3,,可,,,,地,,,,,,,,,,,,,,,,~情绪/容易~的人/~地说
自然,zi4ran5,,可,,,,地,可,,,,,,,,AABB,z,,,,,,很~地笑了笑/~的表情/表演得很~
自如,zi4ru2,,可,,,,,,,,,,,,,,,,,,,,工作很~的样子
自私,zi4si1,,可,可,,,地,可,,,,,,,,,,,,,,,利用她的~心理/~的人/她~地说
自由,zi4you2,,可,可,,可,地,可,准,有,,,可,,,,,ABAB,,,化,,~主义/~职业/~参加/~地成长/人生~/~时间
自在,zi4zai5,,可,,,,地,可,,,,,,,,AABB,z,,,,,,很~的日子/很~地过日子/日子过得很~
走俏,zou3qiao4,,,可,,,,,,,,,,VO,,,,,,,,,~[的]商品
足,zu2,,可,,否,,,,,,,,,,,,,,,,,d,份量~一点/劲头很~
尊贵,zun1gui4,,,,,,,,,,,,,,,,,,,,,,~的客人
