词语,全拼音,同形,主前后,副名,副数量,重复,连接,重叠,兼类,备注
挨个,ai1ge4,,,,,,,,,顺次:大家~走
安然,an1ran2,,,,,,,,,弟弟~归来
按理,an4li3,,前,,,,,,,~这个问题不难解决
按期,an4qi1,,,,,,,,,学生都~回校了
按时,an4shi2,,,,,,,,,工作~完成了
暗暗,an4an4,,,,,,,,,他~下定决心
暗中,an4zhong1,,,,,,,,s,他~捣鬼/他在~张望(s)
暗自,an4zi4,,,,,,,,,他~决定今年报考硕士生
傲然,ao4ran2,,,,,,,,,~挺立
白,bai2,,,,,,,DD,av,"毫无效果,徒然:你~费力气/不给报偿:他~吃~拿别人东西"
白白,bai2bai2,,,,,,,,,"没有效果,徒然:他~跑了一趟"
保不定,bao3bu5ding4,,前,,,,,,,"难免,可能:~天要下雨"
备不住,bei4bu5zhu4,,前,,,,,,,"或许,说不定:~他回家了"
倍加,bei4jia1,,,,,,,,,领导对他~信赖
被迫,bei4po4,,,,,,,,b,"他~离开家了/这件事,他是~的(b)"
本,ben3,,,,,,,,qr,"原先,先前:他~姓王,后来跟他妈妈姓"
本当,ben3dang1,,前,,可,,,,,"~三个人才能完成的活,现在一人完成了"
本来,ben3lai2,,前,,,,,,b,~我不打算回家/我~在武汉工作/这次会议~就应该你去
比较,bi3jiao4,,,,,,,,vp,他干事~快
必,bi4,,,,,,,,,"必须,一定要:骄者~败/一定:实验~能成功"
必定,bi4ding4,,,,,,,,,"一定,必然:我看~有问题/准:明天我~去一次"
必将,bi4jiang1,,,,,,,,,帝国主义~灭亡
必然,bi4ran2,,,,,,,,b,蒋介石~失败
必须,bi4xu1,,前,,可,,,,,"必要,一定要:这件事别人办不了,~你亲自去/要完成这件事~三天"
毕竟,bi4jing4,,前,,可,,,,,这件事~搞清楚了/~30岁人了
便,bian4,,,,,,连,,,"就:不久,天~亮了/只要发动群众,~能克服一切困难"
别,bie2,,前,,,,,,v,~一个人说了算/~大声说话/你~去了
秉公,bing3gong1,,,,,,,,,这个案子~办理
并,bing4,,,,,,,,c,工作~没有结束/这两件事不能相提~论
并肩,bing4jian1,,,,,,,,,他们俩人~走来
并排,bing4pai2,,,,,,,,,他们三人~走
不,bu4,,,,,可,连,,,"~发动群众,工作就不好做/~生病才好/~看~知道"
不定,bu4ding4,,,,可,,,,,~几年才能……/~被老师发现了
不断,bu4duan4,,,,,,,,,植物~长新叶子
不妨,bu4fang1,,,,,,,,v,~走一趟/你去见见也~(v)
不过,bu4guo4,,,,可,,,,c,他也~30岁
不见得,bu4jian4de2,,前,,,,,,,不一定:~他不来
不禁,bu4jin1,,,,,,,,,抑制不住:大家~哈哈大笑起来
不愧,bu4kui4,,,,,,,,,我们的党~为伟大的党
不巧,bu4qiao3,,前,,,,,,,~我爸爸出门了
不慎,bu4shen4,,,,,,,,,我~丢了书包
不胜,bu4sheng4,,,,,,,,,"非常,十分:我们~感谢"
不时,bu4shi2,,,,,,,,,时时:他~打量着我们
不意,bu4yi4,,前,,,,,,,"不料:~大雨如注,大家无法春游"
不由得,bu4you2de5,,前,,,,,,,不禁:大家~笑起来了/不容:~你不信服
不再,bu4zai4,,,,,,,,,小孩从此~打架了
不曾,bu4ceng2,,,,,,,,,他~来过北大
不住,bu4zhu4,,,,,,,,,~地咳嗽
才,cai2,,,,可,,连,,n,"你~来,怎么就走呢/只有……才;除非……才/~10岁"
草草,cao3cao3,,,,,,,,,~结束了/~看了一遍
刹时,cha4shi2,,前,,,,,,,"一刹那,一眨眼:~天空乌云密布"
差点儿,cha4dianr3,,前,,,,,,,~他就能考上北大了
长期,chang2qi1,,,,,,,,b,他~工作在井下/~的考验(b)
常,chang2,,前,,可,,,DD,,(他)~一个人坐在那儿
常常,chang2chang2,,前,,可,,,,,他~一个人出去
常年,chang2nian2,,,,,,,,,他~战斗在第一线/~的劳动
彻夜,che4ye4,,,,,,,,,他~不眠
趁便,chen4bian4,,前,,,,,,,顺便:我~回家了一次/~我回了一次家
趁机,chen4ji1,,,,,,,,,他~走了
趁势,chen4shi4,,,,,,,,,~把球踢出界外
趁早,chen4zao3,,,,,,,,,尽快:我们~把事情做完
成倍,cheng2bei4,,,,,,,,,物价~增长
成天,cheng2tian1,,,,,,,,,~忙碌
成心,cheng2xin1,,,,,,,,b,你这不是~吗?/他~干坏事
诚然,cheng2ran2,,,,,,,,c,"果然;确实;真的:江南地区河网纵横,~是个鱼米之乡"
乘机,cheng2ji1,,,,,,,,,~逃脱/~反扑
乘势,cheng2shi4,,,,,,,,,就势:~进击
乘隙,cheng2xi4,,,,,,,,,趁机会;利用空子:战士们~找个地方睡下了/~休整
乘兴,cheng2xing4,,,,,,,,,~而来
迟迟,chi2chi2,,,,,,,,,这个问题~得不到解决
迟早,chi2zao3,,前,,,,,,,终究;早晚;或早或晚:~问题会解决的
初,chu1,,,,,,,,fm,我~到这里真不习惯/~学日语
初步,chu1bu4,,,,,,,,b,~的议论/~解决了
初次,chu1ci4,,,,,,,,,~上战场
处处,chu4chu4,,,,,,,,,~有矛盾
匆匆,cong1cong1,,,,,,,,,~而来又~离去/他~吃完饭就走了
从,cong2,,,,,,,,p,~没有听说过
从此,cong2ci3,,前,,,,,,,~我们成了好朋友/中国人民~站起来了
从来,cong2lai2,,,,,,,,,一向;一直:这人~说话算数/我~没听说过他
从速,cong2su4,,,,,,,,,~处理
从头,cong2tou2,,,,,,,,,~做起
从未,cong2wei4,,,,,,,,,~干过坏事
从中,cong2zhong1,,前,,,,,,,~他得到好处
存心,cun2xin1,,,,,,,,v,有意;故意:他~捣乱/不知他存着什么心(v)
大大,da4da4,,,,,,,,,~加快建设速度
大抵,da4di3,,,,,,,,,~相同
大都,da4dou1,,,,可,,,,,~30多岁了
大多,da4duo1,,,,可,,,,,同学们~3点钟就来了
大概,da4gai4,,前,,可,,,,n,小张~30岁了/~他走了
大举,da4ju3,,,,,,,,,~进攻
大力,da4li4,,,,,,,,,~纠正不正之风
大约,da4yue1,,前,,可,,,,,~他有30岁了
大致,da4zhi4,,,,可,,,,b,~可以通过/~相同
单,dan1,,,可,可,,,DD,b,~他一个人就取得了3项冠军/他们~一个班就为国家创收3亿元
单单,dan1dan1,,,可,可,,,,,
单独,dan1du2,,前,,可,,,,b,"修饰的数量词其数词限于""一""/我们俩~谈谈/~一个人休息"
当场,dang1chang3,,,,,,,,,~抓住/~表演
当即,dang1ji2,,,,,,,,,~走了/~提出疑问
当面,dang1mian4,,,,,,,,,~说了/小李~提出三点疑问
当然,dang1ran2,,前,,可,,连,,b,"~他也可以去/皮货~暖和,可是太贵/既然你们都去,我~也去"
当真,dang4zhen1,,前,,可,,,,v,确实;果然:他~送来了/他~30岁了
当众,dang1zhong4,,,,,,,,,大家~把意见说出来
倒,dao4,,,,,,连,,v,"质量~挺好,就是价钱贵点儿/他虽然有病,精神~还不错"
到处,dao4chu4,,,,,,,,,祖国大地~充满着欢乐
到底,dao4di3,,前,,可,,,,v,"终于,毕竟;究竟:~你用了几块钱/数词限于""几"""
登时,deng1shi2,,前,,,,,,,"立刻,一下子:教室里~安静下来"
低声,di1sheng1,,,,,,,,,~说话
的确,di2que4,,前,,可,,,AABB,,"~3岁了/我~佩服/~,他是一个坚强的人"
顶多,ding3duo1,,前,,可,,,,,~300人
定期,ding4qi1,,,,,,,,b,~检查卫生/~刊物(b)
定然,ding4ran2,,,,,,,,,他~会回来
定向,ding4xiang4,,,,,,,,b,~培养/~招生/~天线(b)
动不动,dong4bu5dong4,,前,,,,,,,~他就吓唬人
陡然,dou3ran2,,,,,,,,,突然:天气~冷下来
都,dou1,,,可,可,,连,,,"~大学生了/不论别人怎样说,他~坚持走自己的路"
独,du2,,,,,,,DD,,~有他没有来/~~站了3分钟
独独,du2du2,,前,,可,,,,,"~他一人在家;只,仅仅:~三个人安然无事"
独个儿,du2ger4,,,,,,,,,他~坐着
独力,du2li4,,,,,,,,,小李~经营
独自,du2zi4,,,,可,,,,,"数词限于""一""/~一人"
断然,duan4ran2,,,,,,,,b,我方~拒绝/采取~措施
顿然,dun4ran2,,,,,,,,,"忽然,突然:话音刚落,~响起一片掌声/~醒悟"
顿时,dun4shi2,,前,,,,,,,立刻;一下子:全场~响起一阵掌声/~天上乌云滚滚
多半,duo1ban4,,前,,,,,,m,工具书~是自己买的/小李~不来了
多方,duo1fang1,,,,,,,,,~想办法
多么,duo1me5,,,,,,,,,~好啊
而后,er2hou4,,前,,,,,,,然后:确有把握~动手
而今,er2jin1,,前,,,,,,,~他长大了/如今
凡,fan2,,前,可,可,,,,,"所有:常与""都"",""均""配合使用/~符合条件的人均可报名;总共,一共:致力国民革命~40年"
凡是,fan2shi4,,前,可,,,,,,"~游客,都想买点纪念品"
反,fan3,,,,,,连,,vb,"常与""不但"",""不仅""配合着用/不仅没解决问题~使问题更复杂"
反倒,fan3dao4,,,,,,连,,,"老杨住得最远,~来得最早/不但无益~有害"
反而,fan3er2,,,,,,连,,,"风不但没停,~更大了/常与""不但""""不仅""配合用"
反复,fan3fu4,,,,,,,AABB,v,他~思考
反过来,fan3guo4lai2,,前,,,,,,,"~你处在我的位置上,你也不会介入"
反正,fan3zheng4,,前,,可,,,,,~我不相信/~一个人
泛泛,fan4fan4,,,,,,,,,~地介绍了一下情况
仿佛,fang3fu2,,前,,,,,,v,"好像;似乎:常与""似的""、""一样""配合着用/~大地睡着了似的"
飞速,fei1su4,,,,,,,,,~进步
非,fei1,,,,,,连,,h,"要学好一种语言,~下苦功夫不行/~老张来,才能修好这台机器"
非常,fei1chang2,,,,,,,ABAB,b,~重要/~感谢/~时期(b)
分别,fen1bie2,,,,,,,,v,~处理/~举行庆祝活动/~走了
分批,fen1pi1,,,,,,,,,~进入参观
分期,fen1qi1,,,,,,,,,~付款
分头,fen1tou2,,,,,,,,,~办理/~出发
分外,fen4wai4,,,,,,,,b,格外;特别:今天月光~明亮/~高兴/~的事(b)
纷纷,fen1fen1,,,,,,,,z,大家~要求参军/人们~涌向街头/大雪~(z)
奋力,fen4li4,,,,,,,,,~拼搏
奋勇,fen4yong3,,,,,,,,,~杀敌
改日,gai3ri4,,前,,,,,,,~谈/~我们一道去
改天,gai3tian1,,前,,,,,,,~再说/~我们再商量
概,gai4,,,,,,,,,~不退货
赶紧,gan3jin3,,,,,,,,,抓紧时间;尽快:你~做功课
赶快,gan3kuai4,,,,,,,,,"你~走,否则迟到了"
赶忙,gan3mang2,,,,,,,,,赶快;赶紧:他~让座
赶巧,gan3qiao3,,前,,,,,,,"~,他出门了"
敢情,gan3qing5,,前,,,,,,,"这~好!/~,我们都不知道"
刚,gang1,,,,可,,,DD,,正好;才;仅仅:~一躺下就睡着了/加上他~5个人
刚刚,gang1gang1,,,,可,,,,,小李~还在/~两岁
刚好,gang1hao3,,前,,可,,,,,恰好;正好:~两个小时/~他出去了
刚巧,gang1qiao3,,前,,可,,,,,凑巧;恰巧:~我也明天走
高度,gao1du4,,,,,,,,n,~重视/~评价/飞行~(n)
高声,gao1sheng1,,,,,,,,,~说话
高速,gao1su4,,,,,,,,b,~发展/~公路(b)
格外,ge2wai4,,,,,,,,,更加:他今天~高兴
根本,gen1ben3,,,,,,,,na,"全部,彻底;从来,完全:问题已经~解决/最~的问题(a)"
更,geng4,,,,,,,,,"越发,愈加;再:他~爱本职工作了/你的字能否写得~好些"
更加,geng4jia1,,,,,,,,,"图书馆的书,应该~爱护"
更为,geng4wei2,,,,,,,,,他比以前~认真
公然,gong1ran2,,,,,,,,,~宣战/~撕毁协议
共,gong4,,,,可,,,,,一共:全书~收10篇小说/到会者~12个人
共同,gong4tong2,,,,,,,,b,~使用/我们~努力
共总,gong4zong3,,,,可,,,,,一共;合计:本月收入~有多少?/这几笔账~多少?
姑且,gu1qie3,,,,,,,,,"先;不妨:这个问题~不谈,别的问题今天解决"
固然,gu4ran2,,,,,,连,,,"这~好,但很费钱"
故意,gu4yi4,,,,,,,,b,他~捣乱/他不是~的(b)
乖乖,guai1guai1,,,,,,,,ne,"~走了/~坐着/~,这里真热(e)"
怪,guai4,,,,,,,,av,~不好意思的/这件事不~他(v)
怪不得,guai4bu5de5,,前,,,,,,,~他这么高兴
光,guang1,,,可,可,,,,anv,"只,单,仅仅:~他一人就收入1万多块/~一个月,就加工了8吨粮食"
果然,guo3ran2,,前,,可,,,,,"真的,确实,果真:~你们很听话/你~3天完成任务"
果真,guo3zhen1,,前,,可,,,,,果然:~拿到冠军了
过,guo4,,,,,,,,hv,太:工作~多/要求~高
过多,guo4duo1,,,,,,,,,~地干涉孩子
过于,guo4yu2,,,,,,,,,对别人的要求~高/你~乐观了
悍然,han4ran2,,,,,,,,,~发动战争
好,hao3,,,,可,,,DD,av,他~半天没回家了/地整平了~种庄稼(v)
好歹,hao3dai3,,前,,,,,,n,"将就,凑合:~你吃一点吧;不管怎样,无论如何:这事,~要有个结果"
好好,hao3hao1,,,,,,,,,大家再~想一想
好容易,hao3rong2yi4,,前,,,,,,,很不容易:~你能来一次
好生,hao3sheng1,,,,,,,,,"多么,很,十分:这人~面熟;好好儿:你~休养,病一定会好"
好在,hao3zai4,,前,,可,,,,,"~他是东北人,一点儿不怕冷/~三五天,凑合着过吧"
何必,he2bi4,,前,可,可,,,,,"单说时要带""呢""/~他来呢?我自己可以做/~明天呀?/~两个人呢?"
何尝,he2chang2,,,,,,,,,"哪里,怎么,怎么会:我~不想家呢/这又~不好呢"
何等,he2deng3,,,,,,,,,多么:这小孩~聪明
何妨,he2fang1,,,,,,,,,"没有把握,~不先试试"
何苦,he2ku3,,前,,,,,,,"单说时必带""呢""或""啊""/~(你)一个人在这儿生气呢?"
何以,he2yi3,,,,,,,,,"用什么:~教他;为什么:已经说好,~变卦"
很,hen3,,,,,,,,,~好/~了解他
很快,hen3kuai4,,前,,,,,,,~二月份又完了/~两年过去了
狠狠,hen3hen3,,,,,,,,,~地打/~抓落实
狠命,hen3ming4,,,,,,,,,~追赶
恨不得,hen4bu5de5,,,,,,,,,~打他一顿
忽,hu1,,,,,可,,,,声音~高~低
忽地,hu1di4,,,,,,,,,灯~灭了
忽而,hu1er2,,,,,可,,,,天气~冷~热
忽然,hu1ran2,,前,,,,,,,~天气变得热起来了/~机器出了故障
胡乱,hu2luan4,,,,,,,,,他~说
互,hu4,,,,,,,,,~谅~让
互相,hu4xiang1,,,,,,,,b,~支持/~帮助
还,hai2,,,可,可,,连,,,"仍然,依然:你~年轻/他~一个人呢;又,更,而且:比山~高,比海~深"
还是,hai2shi5,,前,,,,连,,c,"~他做向导/尽管路滑雪大,我们~按时到达了"
缓缓,huan3huan3,,,,,,,,,队伍~往前走
会心,hui4xin1,,,,,,,,b,~的微笑(b)
活活,huo2huo2,,,,,,,,,他~气死
火速,huo3su4,,,,,,,,,~完成
或许,huo4xu3,,前,,可,,,,,~他明天出发/~3周时间
或者,huo4zhe3,,前,,可,,,,c,"或许,也许:你赶快走,~还能搭上末班车"
霍地,huo4di4,,,,,,,,,~闪开
基本上,ji1ben3shang5,,前,,,,,,,身体~好了
及早,ji2zao3,,,,,,,,,你的病要~治疗
极,ji2,,,,,,,,,~少数人不安分守己
极度,ji2du4,,,,,,,,,他~疲劳
极端,ji2duan1,,,,,,,,n,工作~负责
极力,ji2li4,,,,,,,,,大家~反对
极其,ji2qi2,,,,,,,,,对身体~不利
极为,ji2wei2,,,,,,,,,这里交通~不便
即,ji2,,,,,,,,v,"用法同""就"",用于书面:稍加修改~可使用"
即将,ji2jiang1,,,,,,,,,他~回老家
即刻,ji2ke4,,,,,,,,,立刻:他~出发
即时,ji2shi2,,,,,,,,,~走了
即兴,ji2xing4,,,,,,,,b,~而作/~演示/~诗(b)
急剧,ji2ju4,,,,,,,,b,气温~下降
急忙,ji2mang2,,,,,,,AABB,,他~走了
几乎,ji1hu1,,,,可,,,,,~半年没见面了
既,ji4,,,,,,,,c,"~答应了,不能不去/~懂英语又懂法语(c)"
加倍,jia1bei4,,,,,,,,,~努力
间或,jian4huo4,,,,,,,,,"偶然,有时:大家在听讲,~有人站起来提问"
简直,jian3zhi2,,,,,,,,,这里闹得~呆不下去
健步,jian4bu4,,,,,,,,,~走上天安门
渐,jian4,,,,,,,DD,,"天气~热,又要准备夏天的衣服了"
渐次,jian4ci4,,,,,,,,,成绩~提高
渐渐,jian4jian4,,前,,,,,,,"~地,天黑下来了"
将,jiang1,,,,可,,,,p,就要:我们~提前走;一定会:祖国~繁荣富强;接近:来北大~20年了
将近,jiang1jin4,,前,,可,,,,,接近:~1千人参加/~成熟
将要,jiang1yao4,,,,,,,,,"快要,就要:学期~结束"
交互,jiao1hu4,,,,,,,,b,互相:~作用;替换着:两手~地往上爬/~批改作业
交替,jiao1ti4,,,,,,,,v,学习和休息应~进行
较,jiao4,,,,,,,,p,这个方法~好
较为,jiao4wei2,,,,,,,,,这样做~安全
皆,jie1,,,,,,,,,"都,都是:大家~好"
接连,jie1lian2,,,,,,,,,~发生几次
竭诚,jie2cheng2,,,,,,,,,~帮助
竭力,jie2li4,,,,,,,,,~帮忙
届时,jie4shi2,,前,,,,,,,到时候:~请你出席
借故,jie4gu4,,,,,,,,,他~走了
仅,jin3,,前,可,可,,,DD,,"~他一人,夺得了3枚金牌"
仅仅,jin3jin3,,前,可,可,,,,,"只:~一个星期,他就学会滑冰;单单:~小王一人,就进了5个球"
紧紧,jin3jin3,,,,,,,,,~跟着党走
谨,jin3,,,,,,,,,我~代表教员向你们致敬
尽,jin3,A,,,,,,,vp,尽量:~早答复
尽,jin4,B,,,,,,,v,"衣服上~是油渍/一眼望去,~是起伏的群山;只顾,只管:你~闹着玩"
尽管,jin3guan3,,,,,,,,c,"你有什么困难,~说;总是,老是:别人跟她说话,她~笑"
尽可能,jin4ke3neng2,,,,,,,,,你~来
尽快,jin3kuai4,,,,,,,,,希望~解决
尽力,jin4li4,,,,,,,,v,我们~帮助你
尽量,jin3liang4,,,,,,,,,你~吃吧/~去做
尽情,jin4qing2,,,,,,,,,孩子们~地玩
尽先,jin3xian1,,,,,,,,,尽可能提前:烈士子女~安排工作
进一步,jin4yi1bu4,,,,,,,,b,改革开放~加速我国建设步伐
近,jin4,,,,可,,,,av,~几年/~百万人参加
近来,jin4lai2,,前,,,,,,,~他很忙
经常,jing1chang2,,,,可,,,,b,房间应该~打扫/~三四天回来一次
径直,jing4zhi2,,,,,,,,,表示直接做某件事:我~飞往广州
径自,jing4zi4,,,,,,,,,表示自己直接行动:他~去学校了
净,jing4,,,可,,,,,a,"全,都:说的~是心里话;光,只:他~顾说话;总是,老是:这几天~刮大风"
竞相,jing4xiang1,,,,,,,,,春天百花~争艳/~逃命
竟,jing4,,,,,,,,,他~答应了
竟然,jing4ran2,,,,,,,,,居然:建设速度~快得惊人
迥然,jiong3ran2,,,,,,,,,两人的工作作风~不同
究竟,jiu1jing4,,前,,可,,,,,"修饰的数量词其数词限于""几""/~几个人去/~你去不去"
久久,jiu3jiu3,,,,,,,,,"许久,好久:心情~不能平静"
久已,jiu3yi3,,,,,,,,,早就:这事~忘却
就,jiu4,,,可,可,,连,,vpc,"只,只有:~班长没来;立刻:我~来;一定:没有共产党~没有新中国"
就便,jiu4bian4,,,,,,,,,他~回家一次
就此,jiu4ci3,,,,,,,,,他~告一段落
就地,jiu4di4,,,,,,,,,石头~取材
就近,jiu4jin4,,,,,,,,,~上学
就势,jiu4shi4,,,,,,,,,他~坐下
就手,jiu4shou3,,,,,,,,,你~买点菜回来
就要,jiu4yao4,,,,,,,,,"快要,将要:火车~进站了"
居然,ju1ran2,,前,,,,,,,"这么大的声音,~你没听见!"
决,jue2,,,,,,,,,"一定,完全:这一决定~无例外/他犯错误,~非偶然"
决计,jue2ji4,,,,,,,,,他~回家去了
决心,jue2xin1,,,,,,,,n,他~干到底
决意,jue2yi4,,,,,,,,,他~马上动身
绝,jue2,,,,,,,,,我们~不同意/~无此事/~非少数
均,jun1,,,,可,,,,,都:~包括在内/全体工作人员~好/这班孩子~10岁左右
可巧,ke3qiao3,,前,,,,,,,~他来了
刻意,ke4yi4,,,,,,,,,~打扮
恐怕,kong3pa4,,前,,可,,,,,"也许,说不定:~他要迟到了/~3天以后才能回校"
口头,kou3tou2,,,,,,,,n,~表示/~指示
快,kuai4,1,,,,,,DD,a,赶快:~来帮忙
快,kuai4,2,,可,可,,,,a,将要:我来了~两年了/~春节了
快步,kuai4bu4,,,,,,,,,~走
快快,kuai4kuai4,,,,,,,,,~长大
快速,kuai4su4,,,,,,,,,部队~行军
快要,kuai4yao4,,,可,可,,,,,就要:他~30岁了/~元旦了
牢牢,lao2lao2,,,,,,,,,~地抓住
老,lao3,,,,可,,,,ahk,"一直,经常:他~呆在家里/~一个人,真没意思"
老是,lao3shi4,,前,,可,,,,,~一个人/~他自己一个人在家
冷不防,leng3bu5fang2,,前,,,,,,,突然:~他被狗咬了一口/~摔了一跤
冷眼,leng3yan3,,,,,,,,,~观察
历来,li4lai2,,前,,,,,,,"从来,向来:~我们主张平等/这个人~忠诚老实"
厉声,li4sheng1,,,,,,,,,~批评/~斥责
立即,li4ji2,,,,,,,,,"马上,即刻:他~出发/合同~生效"
立刻,li4ke4,,,,,,,,,小陈~站起来
立时,li4shi2,,,,,,,,,小孙~回答
立体,li4ti3,,,,,,,,b,~交叉/~种养/~垦殖
连连,lian2lian2,,,,,,,,,老师~点头
连忙,lian2mang2,,,,,,,,,急忙:乘客~让座
连年,lian2nian2,,,,,,,,,~丰收
连日,lian2ri4,,,可,,,,,,他们~参加比赛/~大雨
连声,lian2sheng1,,,,,,,,,大家~叫好
连夜,lian2ye4,,,,,,,,,学校~开会布置工作
谅必,liang4bi4,,前,,,,,,,~他也不敢
临场,lin2chang3,,,,,,,,b,~发挥/~指导/~经验(b)
临床,lin2chuang2,,,,,,,,b,~实习
临时,lin2shi2,,,,,,,,b,~借用一下/~政府
另,ling4,,,,,,,,r,~派代表
另外,ling4wai4,,,,,,,,cr,大家~想了个办法/~的事情以后再说
另行,ling4xing2,,,,,,,,,~通知/~传达
陆续,lu4xu4,,,,,,,,,~上市/开会的人~来了
屡,lv3,,,,,,,DD,,指导员~建战功
屡次,lv3ci4,,,,,,,,,一次又一次:他~刷新记录
屡屡,lv3lv3,,,,,,,,,敌人~失败
略,lve4,,,,,,,DD,v,"简单,略微:我~知一二/~等片刻"
略微,lve4wei1,,,,,,,,,"稍微:我~知道一点/所修饰的a、v后要带""一点儿,一些""等"
轮番,lun2fan1,,,,,,,,,他们~去干
马上,ma3shang4,,前,,,,,,,~春天就到了/~集合出发
蛮,man2,,,,,,,,a,"很,挺:今年棉花~好;完全:大家~有把握"
满心,man3xin1,,,,,,,,,~喜欢
慢慢,man4man1,,,,,,,,,你~走
贸然,mao4ran2,,,,,,,,,"轻率地,不加思考地:不能~下结论"
没,mei2,,,,可,,,,v,我~去/衣服~干/鱼~两斤重
没有,mei2you3,,,,可,,,,v,"不曾:天还~亮,农民下地干活了"
每每,mei3mei3,,,,,,,,,"往往,常常:我~想起家乡过年的情景"
猛不防,meng3bu5fang2,,前,,,,,,,~别人从背后推了一下
猛地,meng3de5,,,,,,,,,"突然,忽然:河水~涨起来"
猛然,meng3ran2,,,,,,,,,"突然,忽然:~回头"
明明,ming2ming2,,前,,可,,,,,"确实,显然:~你昨天说过,怎么忘了/~3斤,怎么说5斤呢?"
莫,mo4,,,,,,,,,"别,不要:你~见怪"
莫不,mo4bu4,,,,,,,,,"无不,没有不:当地群众~欢欣鼓舞"
莫非,mo4fei1,,前,,,,,,,莫不是:~他理解错了
蓦地,mo4di4,,,,,,,,,突然:他~站起来了/他~大叫起来
蓦然,mo4ran2,,,,,,,,,"猛然:除夕,我~想起童年时代在家过新年的情景"
默默,mo4mo4,,,,,,,,,他~想了很久
难道,nan2dao4,,前,,,,,,,~你想抵赖不成/加强反问语气
难怪,nan2guai4,,前,,,,,,,"怪不得:~大家爱看这本杂志,内容确实很好"
偶,ou3,,,,,,,,,偶然:昨天在车站~遇一朋友
偶尔,ou3er3,,前,,,,,,,"有时候,间或:星期天一般在家干活,~也出去走走/~一次,不必追究了(口语)"
偏,pian1,,,,,,,DD,av,"故意,反而:叫他不要去,他~要去/座位太~了(a)/每次都~着他(v)"
偏偏,pian1pian1,,前,,,,,,,"故意,反而:正需要水,老天~不下雨;仅仅,只有:教室很安静,~他俩说个没完"
偏巧,pian1qiao3,,前,,,,,,,"恰巧:我想找他,~他出去了"
飘然,piao1ran2,,,,,,,,,浮云~而过
拼命,pin1ming4,,,,,,,,v,~地写/他~往山上跑
拼死,pin1si3,,,,,,,,,他~地干活也养活不了一家人
频频,pin2pin2,,,,,,,,,屡次:我军向敌人~出击
平素,ping2su4,,前,,,,,,,"平时,素来:~他不爱说话"
凭空,ping2kong1,,,,,,,,,不能~批评别人
颇,po1,,,,,,,,,"很,甚:他对化学~有研究"
齐声,qi2sheng1,,,,,,,,,大家~叫好
其实,qi2shi2,,前,,,,连,,,"实际上:听口音像北方人,~他是广州人/虽然已是冬天,~并不太冷"
岂,qi3,,,,,,,,,"哪里,怎么,难道:孩子落水,~能见死不救"
起初,qi3chu1,,前,,,,,,,"最初,起先:~大家说去香山玩,后来改去康西草原玩"
起码,qi3ma3,,前,,可,,,,b,"至少:这次出差~5天才能回来/别人听说没听说我不知道,~我没听说过"
起先,qi3xian1,,前,,,,,,,"最初,起初:~我不同意,后来我同意了"
恰,qia4,,,,,,,DD,,"正,正好:~到好处/~如其分"
恰好,qia4hao3,,前,,可,,,,,"正好,凑巧:行李不多不少,~20公斤/我正要去找小李,~小李来了"
恰恰,qia4qia4,,前,,可,,,,,"正好,正:现在~10点钟/~老师不在家"
恰巧,qia4qiao3,,前,,可,,,,,凑巧:今天~我遇到老师了
千万,qian1wan4,,,,,,,ABAB,m,"务必,一定:你们~注意防火/你们~~要小心"
潜心,qian2xin1,,,,,,,,,他~研究语言学
强行,qiang2xing2,,,,,,,,,他们~拿走老乡的东西
悄悄,qiao1qiao1,,,,,,,,,"轻轻,偷偷:他们~地起床了"
悄然,qiao3ran2,,,,,,,,,妈妈~落泪
悄声,qiao3sheng1,,,,,,,,,声音很轻:他~走进来
切切,qie4qie4,,,,,,,,,"千万,务必:你~不能忘记"
且,qie3,,,,,,,,c,"暂且:你~等一下;姑且:要知后事如何,~听下回分解"
亲笔,qin1bi3,,,,,,,,b,~画押/~信(b)
亲耳,qin1er3,,,,,,,,,我~听到
亲口,qin1kou3,,,,,,,,,他~说……/他~告诉我的
亲身,qin1shen1,,,,,,,,b,~经历了很多事/这些是我~感受到的
亲手,qin1shou3,,,,,,,,,我为你们~做菜
亲眼,qin1yan3,,,,,,,,,我~看着他来了
亲自,qin1zi4,,,,,,,,,领导~走一趟
轻轻,qing1qing1,,,,,,,,,你~地拍拍他
轻易,qing1yi4,,,,,,,,a,"随便,轻率:不要~下结论;简单容易:他很~地战胜了对手(a)"
权且,quan2qie3,,,,,,,,,"暂且,姑且:你~在这里住一夜"
全,quan2,,,,,,,,a,"都,完全:稻子~收完了"
全都,quan2dou1,,,,,,,,,几本参考书我~借来了
全力,quan2li4,,,,,,,,,我~支持你工作
全然,quan2ran2,,,,,,,,,"完全,都:他的话~没有错"
全速,quan2su4,,,,,,,,,汽车~前进
却,que4,,,,,,连,,,文章虽短~很有力
确,que4,,,,,,,,,"的确,实在:电影中的江姐~有这个人"
冉冉,ran3ran3,,,,,,,,,太阳~升起
任情,ren4qing2,,,,,,,,,孩子们~唱歌
任意,ren4yi4,,,,,,,,b,大家~畅谈
仍,reng2,,,,可,,,,,仍然:~向往常一样/旧报纸~3角钱1斤
仍旧,reng2jiu4,,,,可,,连,,,"仍然,还是:尽管很忙,他~参加锻炼"
仍然,reng2ran2,,,,可,,连,,,"还,还是:他虽然年过半百,却~精力充沛"
日渐,ri4jian4,,,,,,,,,他的事业~兴旺
日趋,ri4qu1,,,,,,,,,城乡贸易~繁荣
日夜,ri4ye4,,,,,,,AABB,,~看守着祖国边疆
日益,ri4yi4,,,,,,,,,一天比一天:革命力量~壮大
如期,ru2qi1,,,,,,,,,按期:~交货
如实,ru2shi2,,,,,,,,,他们~反映情况
如数,ru2shu4,,,,,,,,,~交清
霎时,sha4shi2,,前,,,,,,,极短时间:~敌人的飞机成了一团火球掉下来了
擅自,shan4zi4,,,,,,,,,随便:他~动用公款
尚,shang4,,,,,,,,,"还,还算:他的表现~好;动作行为或状态继续:文章~未修改"
尚未,shang4wei4,,,,,,,,,革命~成功
稍,shao1,,,,,,,DD,,你~等我一下/他~晚了点儿
稍顷,shao1qing3,,前,,,,,,,~一辆车开了过来
稍稍,shao1shao1,,,,,,,,,"所修饰的a、v后常带""一些,一点儿,一下,一会儿""等/桌子~整理一下"
稍微,shao1wei1,,,,,,,,,"所修饰的a、v后常带""一点儿,一些,一下,一会儿""等/衣服~小了一些"
稍为,shao1wei2,,,,,,,,,被修饰语必带不定量成份/请~等一会
稍许,shao1xu3,,,,,,,,,被修饰语必带不定量成份/~放点味精
舍命,she3ming4,,,,,,,,,他~救人
深深,shen1shen1,,,,,,,,,他~地吸了一口气
甚,shen4,,,,,,,,,"很,极:不~了解/与""为"",""是""连用,有""十分,非常""的意思:老师~为满意"
甚至,shen4zhi4,,前,可,可,,连,,,"不但大人,~连小孩儿都会游泳/这块石头~四五个小伙子也搬不动"
生来,sheng1lai2,,前,,,,,,,这孩子~就爱静
时不时,shi2bu5shi2,,前,,,,,,,~我去郊外玩玩
时常,shi2chang2,,前,,可,,,,,~一个人默默地干/白天家里~一个人
时而,shi2er2,,前,,可,可,,,,"不时:~我去看看她/这里的天气变化无常,~出太阳,~大雨倾盆"
时刻,shi2ke4,,,,,,,AABB,n,"时时,时常:~提防/政府要~关心群众生活"
时时,shi2shi2,,,,,,,,,"常常,经常:老师的教导,要~记在心上"
实际上,shi2ji4shang5,,前,,可,,,,,"~你说了/你说10斤,~8斤"
始终,shi3zhong1,,,,可,,,,n,一直:他的决心~没有改变/他家~两个人
势必,shi4bi4,,,,,,,,,"干部不学法律,~要犯错误"
事先,shi4xian1,,前,,,,,,,~说/~你应该安排好
适才,shi4cai2,,前,,,,,,,刚才:~我去看了报纸
誓死,shi4si3,,,,,,,,,~保卫祖国
首次,shou3ci4,,,,,,,,,~推出自己的产品
首先,shou3xian1,,前,,,,,,,"最早,最先:~我们打扫教室"
书面,shu1mian4,,,,,,,,n,~表示/~汇报/这种用法常见于~(n)
倏地,shu1di4,,,,,,,,,极快地:石头~飞过来了
率先,shuai4xian1,,,,,,,,,他们~到达终点
顺便,shun4bian4,,前,,,,,,,今天~去看看老师/~我回一趟家
顺带,shun4dai4,,,,,,,,,请你~帮我买块橡皮
顺脚,shun4jiao3,,,,,,,,,请你~走一趟
顺势,shun4shi4,,,,,,,,,做晚饭的时候~多加了一把米
私下,si1xia4,,,,,,,,,他们两人~商议好了
私自,si1zi4,,,,,,,,,他们~拿走了
死,si3,,,,,,,DD,va,硬:~缠着她;极:大家高兴~了/管得太~(a)/~了一只鸭子(v)
死死,si3si3,,,,,,,,,猫~地咬住耗子
似乎,si4hu1,,前,,可,,,,,"好像,仿佛:~他很为难/~两点钟了/我们~该走了"
伺机,si4ji1,,,,,,,,,~反攻
肆意,si4yi4,,,,,,,,,他~攻击别人
素常,su4chang2,,,,,,,,,老人家~舍不得穿
素来,su4lai2,,,,,,,,,"从来,一向:他的人品,是我~佩服的/他~说话算数"
随处,sui2chu4,,,,,,,,,"外国人在北京很多,~可见"
随地,sui2di4,,,,,,,,,禁止~吐痰
随后,sui2hou4,,,,,,,,,"紧接着:你们先走,我~就来/单说时要带上""呢"""
随机,sui2ji1,,,,,,,,b,~校对/~数据(b)
随即,sui2ji2,,前,,,,,,,"马上,即刻:我们接到通知后,~出发"
随口,sui2kou3,,,,,,,,,他~说/~答应
随身,sui2shen1,,,,,,,,b,这些东西要~带/~行李(b)
随时,sui2shi2,,,,,,,,,时时刻刻;不管什么时候:你有事~找厂长;经常:有空请你~来信
随手,sui2shou3,,,,,,,,,顺手:请大家出门时~关灯
遂,sui4,,,,,,,,,"于是,就:吃药后疼痛~止"
索性,suo3xing4,,前,,,,,,,干脆:~我们把它干完
太,tai4,,,,,,,,,"很,极:这小孩~可爱了;过分,过于:文章~长"
特,te4,,,,,,,,,"格外,非常:今天~冷"
特别,te4bie2,,,,,,,,a,"非常,格外:这部电影~感动人;特地,着重:老师~解释;尤其:~喜欢计算机"
特此,te4ci3,,,,,,,,,~证明
特地,te4di4,,,,,,,,,老师~来看我
特意,te4yi4,,,,,,,,,小王~为我买了一本书
提早,ti2zao3,,,,可,,,,,今天我~下班/~3小时
挺,ting3,,,,,,,,vq,他~会说话
通常,tong1chang2,,前,,可,,,,,"平常,一般:~两个人/~我们一星期做一次值日"
通共,tong1gong4,,,,可,,,,,一共:~1千斤
通盘,tong1pan2,,,,,,,,,我们~考虑/~安排
通通,tong1tong1,,,,,,,,,"全,都:小鱼~死了"
同年,tong2nian2,,前,,可,,,,,我们~考取大学/~三月参军
同期,tong2qi1,,,,,,,,,我们~毕业
同时,tong2shi2,,前,,,,,,nc,"我们~参军/社会实践不仅能开阔眼界,~能增强能力(c)"
统共,tong3gong4,,,,可,,,,,一共:家里~两个人
统统,tong3tong3,,,,,,,,,"全,都:教室里的人~走了"
偷偷,tou1tou1,,,,,,,,,他~溜走了
徒步,tu2bu4,,,,可,,,,,~两千里/~旅行
徒手,tu2shou3,,,,,,,,b,~搏斗
团团,tuan2tuan2,,,,,,,,,~围住他们
婉言,wan3yan2,,,,,,,,,他~拒绝这件事
万分,wan4fen1,,,,,,,,,"极其,非常:他~痛苦"
万万,wan4wan4,,,,,,,,,"绝对,无论如何:这件事大家~没想到"
往往,wang3wang3,,,,,,,,,"常常,每每:为了一个词~要查很多资料"
微微,wei1wei1,,,,,,,,,"稍微,略微:你~加点料酒,鱼就好吃了"
巍然,wei1ran2,,,,,,,,,"百年一遇的洪水来了,大坝~不动"
唯,wei2,,,可,,,,,,"只,仅仅:他~身体稍差"
惟,wei2,,,可,,,,,,"只,仅仅"
惟独,wei2du2,,前,可,,,,,,"只,仅仅:~班长一人缺席"
委实,wei3shi2,,,,,,,,,"实在,确实:这种花~好看"
未,wei4,,,,,,,,,"不:老张负责这事,我~便决定;没有,不曾:这事~最后决定"
未必,wei4bi4,,,,可,,,,,~一个人/这个问题小李也~清楚
未尝,wei4chang2,,,,,,,,,"不是,没有:文章不太通顺,改一下~不可;未曾:工作虽忙,学习~中断过"
未免,wei4mian3,,,,,,,,,"实在不能不说是:当面训斥,~使他难堪/你们~想得太简单了"
未曾,wei4ceng2,,,,,,,,,没有:历史上~有过的奇迹
稳步,wen3bu4,,,,,,,,,我国工业~发展/~上升
无不,wu2bu4,,,,,,,,,"这孩子很聪明,老师~夸奖他"
无偿,wu2chang2,,,,,,,,b,~贷款/~援助
无处,wu2chu4,,,,,,,,,~藏身
无非,wu2fei1,,前,,,,,,,~你把他调走
无故,wu2gu4,,,,,,,,,我们不能~缺席
无怪,wu2guai4,,前,,,,,,,"已经入冬了,~天气这么冷"
无奈,wu2nai4,,前,,,,,,,"无可奈何:同学聚会,~他发病了,不能来"
无私,wu2si1,,,,,,,,b,~援助/~的奉献
无暇,wu2xia2,,,,,,,,,我~过问这件事
无须,wu2xu1,,前,,,,,,,"不用,不必:我的事,~你操心"
无疑,wu2yi2,,前,,,,,,,"~,这是老王的主张"
毋庸,wu2yong1,,前,,,,,,,无须:~你来反对
勿,wu4,,,,,,,,,不要:请~抽烟
务必,wu4bi4,,前,,,,,,,"一定,必须:保持公共卫生,~人人动手"
务期,wu4qi1,,,,,,,,,一定要:学习~有成
务须,wu4xu1,,,,,,,,,"必须,一定:制度~严格执行"
悉心,xi1xin1,,,,,,,,,用尽心思:~指导
瞎,xia1,,,,,,,,v,~忙/~操心/~说一气
先,xian1,,,可,可,,,,,"~老人,后自己/你~别急,慢慢来"
先后,xian1hou4,,,,可,,,,,老师~发表了很多文章/老师~5次去非洲
先期,xian1qi1,,,,,,,,,他们已~到达
先是,xian1shi4,,前,可,可,,,,,"我对南瓜~不喜欢吃,后来特想吃/这个厂~5个人,现在几百人了"
险些,xian3xie1,,前,,,,,,,差一点:今天~他被车子压了
现,xian4,,,,,,,,,他~拿出两千元
相当,xiang1dang1,,,,,,,,v,~的漂亮/演出~成功
相对,xiang1dui4,,,,,,,,vb,~稳定/~优势(b)
相互,xiang1hu4,,,,,,,,b,大家~促进/各门学科~渗透
相继,xiang1ji4,,,,,,,,,同学们~发言/学生~离校
向来,xiang4lai2,,前,,,,,,,一向:~我说话算数
协力,xie2li4,,,,,,,,,咱们~完成这件事
欣然,xin1ran2,,,,,,,,,~同意
新近,xin1jin4,,前,,,,,,b,不久前:~他出远门去了/他~调走了
信手,xin4shou3,,,,,,,,,随手:有人~挥霍国家钱财
兴许,xing1xu3,,前,,可,,,,,"或许,也许:这次会议人不多,~10个人左右/~我也去"
行将,xing2jiang1,,,,,,,,,"将要,即将:帝国主义分子~灭亡"
幸而,xing4er2,,前,,,,连,,,"幸亏:~隐患及时消除,否则后果不堪设想"
幸好,xing4hao3,,前,,,,连,,,"我没带钱,~碰到熟人/~没下雨,否则就要淋雨了"
幸亏,xing4kui1,,前,,,,连,,,"~你提醒了我,不然我就忘了"
休,xiu1,,,,,,,,,"表示禁止,劝阻:~要胡言乱语"
须,xu1,,,,,,,,,"你的功课不好,~努力"
徐徐,xu2xu2,,,,,,,,,慢慢地:火车~开动
蓄意,xu4yi4,,,,,,,,,存心:他~捣乱
旋即,xuan2ji2,,,,,,,,,很快地:电影票~卖完
压根儿,ya4genr1,,前,,,,,,,根本:~他忘了这件事
眼看,yan3kan4,,前,,可,,,,,马上:~小麦就要成熟了/~四月份了
也,ye3,,,可,可,可,连,,,"你去我~去/你~30几岁人了/我虽然没见过,~听人说过"
也许,ye3xu3,,前,,可,可,,,,"或者,可能:他~30岁了/~,他走了/~他来,~我去"
业已,ye4yi3,,,,,,,,,已经:~调查属实
一,yi1,,,,,,连,,m,门~推就开了/老师~说他就听明白了
一边,yi1bian1,,,,,可,,,f,"早晨,小李~散步~唱着小曲"
一并,yi1bing4,,,,,,,,,"一起:供水,供电等问题~考虑"
一旦,yi1dan4,,前,,,,,,,"有一天:~电站建成,能源问题就解决了"
一道,yi1dao4,,,,,,,,,我们~走
一定,yi1ding4,,,,,,,,vb,"必定,确定:我~努力工作"
一度,yi1du4,,,,,,,,,他~生病在家
一概,yi1gai4,,,,,,,,,"全,都:过期食品~扔掉"
一共,yi1gong4,,,,可,,,,,合计:这几笔钱加起来~3万多元/全校师生员工~是2万人
一骨碌,yi1gu1lu5,,,,,,,,,他~爬起来了
一贯,yi1guan4,,,,,,,,b,他~锻炼身体
一举,yi1ju3,,,,,,,,,我军~捣毁了敌人的巢穴
一块儿,yi1kuair4,,,,,,,,s,我们~走吧/这两个人说不到~(s)
一连,yi1lian2,,,,可,,,,,"新年值班,~三天/~下了三天大雪"
一律,yi1lv4,,,,,,,,,无一例外:各民族~平等
一面,yi1mian4,,,,,可,,,f,"李先生~哼着歌,~往外跑"
一齐,yi1qi2,,,,,,,,,大家~动手
一起,yi1qi3,,,,,,,,s,我们~参军/我们和群众在~(s)
一气,yi1qi4,,,,,,,,,我们~走了50里路
一时,yi1shi2,,,,,可,,,b,"暂时:我~想不起来了;顿时:他~高兴得说不出话来;时而,忽而:~下雨,~出太阳"
一同,yi1tong2,,,,,,,,,我们~看电影去
一味,yi1wei4,,,,,,,,,他~推托
一向,yi1xiang4,,,,,,,,,小李~好客
一心,yi1xin1,,,,,,,,,他~务农
一再,yi1zai4,,,,,,,,,一次又一次:他~声明……/我~表示……
一直,yi1zhi2,,,,,,,,,方向不变:~朝前走;情况不变:这两天~下雨;始终:他功课~很好
依次,yi1ci4,,,,,,,,,客人~入座
依法,yi1fa3,,,,,,,,,这件事~办理
已,yi3,,,可,可,,,,,他~大学生了/~3岁了
已经,yi3jing1,,,可,可,,,,,他~团长了/~80岁了
义务,yi4wu4,,,,,,,,n,我们是在~劳动
亦,yi4,,,,,,,,,"也:""和""是连词,~是介词"
益发,yi4fa1,,,,,,,,,"领导越信任他,他~努力工作"
毅然,yi4ran2,,,,,,,,,"坚决,毫不犹疑地:他~留在边疆工作"
因故,yin1gu4,,,,,,,,,他~缺席
迎面,ying2mian4,,,,,,,,,"北风~吹,走路真吃力"
迎头,ying2tou2,,,,,,,,,功课太差要~赶上才好
硬,ying4,,,,,,,,a,勉强:他~撑着工作;态度坚决、固执:他~要去/~把小孩拖回家
硬是,ying4shi4,,,,,,,,,就是:他~不肯/他~不听
永,yong3,,,,,,,,,我们~不做亡国奴/做一颗~不生锈的螺丝钉
永不,yong3bu4,,,,,,,,,"这种料子颜色鲜艳,~褪色"
永世,yong3shi4,,,,,,,,,党的恩情~不忘
永远,yong3yuan3,,,,,,,,b,社会~向前发展
尤,you2,,,,,,,,,他的英语成绩~为突出
尤其,you2qi2,,,可,,,,,,"特别:我~喜欢看武打小说/我爱看小说,~短篇的"
尤为,you2wei2,,,,,,,,,特别:中小学生打好语文基础~重要
由此,you2ci3,,,,,,,,,~得出结论
由衷,you2zhong1,,,,,,,,,"学生成长起来,老师~高兴"
犹,you2,,,,,,,,,雷锋~活在人们心中
有点,you3dian3,,,,,,,,,"略微,稍微:他~不大高兴"
有时,you3shi2,,前,,可,可,,,,"春天天气~热,~很冷/~我们也出去活动活动"
有意,you3yi4,,,,,,,,v,故意:我不是~伤你的感情;有心:小张对小胡~(v)
又,you4,,,可,可,可,连,,,"再,还:这篇文章我~仔细看了一遍/~会写~会算/~新年了/~五月了"
预,yu4,,,,,,,,,~处理/~祝大会成功
预先,yu4xian1,,,,,,,,,你~通知他们/你~布置一下
愈,yu4,,,,,可,,,,~病身体~不好
愈发,yu4fa1,,,,,,,,,"你坚持锻炼,体质~好了"
愈加,yu4jia1,,,,,,,,,"工作忙,我们~要细心"
愈益,yu4yi4,,,,,,,,,愈加:人们改变落后面貌的决心~增强
原,yuan2,,,,,,,,b,~有500人/~作者(b)
原来,yuan2lai2,,前,,,,,,b,~是他!/~的教材(b)
原先,yuan2xian1,,前,,,,,,b,"照~的计划办/~他是个文盲,现在自学成材了"
远远,yuan3yuan3,,,,,,,,,~地看见一个人走来
怨不得,yuan4bu5de5,,前,,,,,,,~大家有意见
约,yue1,,,,可,,,,v,"大概,大约:全市人口~有1千万/会议~七八十人"
约略,yue1lve4,,,,可,,,,,"稍微,大概:我~知道一些/我~听到过一些"
约莫,yue1mo5,,,,可,,,,,大约:~有70人来参加会议/~5点钟他就走了
越,yue4,,,,,可,,,,改正错误~彻底~好
越发,yue4fa1,,,,,,,,,更加:功课不好~要抓紧时间
越加,yue4jia1,,,,,,,,,"越发,更加:他的心~乱了"
越来越,yue4lai2yue4,,,,,,,,,"现在三月了,天气~缓和了"
越是,yue4shi5,,,,,可,,,,"~困难的地方,~要去锻炼,这才是好党员"
匀速,yun2su4,,,,,,,,b,小船~前进
再,zai4,,,,可,,,,,我打算~看一遍课文/你~劝也没用/~一次评为优秀教师
再次,zai4ci4,,,,,,,,,我决定~回老家看看/~获奖
再度,zai4du4,,,,,,,,,又一次:机构~调整
再三,zai4san1,,,,,,,,,一次又一次:客人~道谢/我们~挽留他/他母亲叮嘱~
再行,zai4xing2,,,,,,,,,~考虑
在,zai4,,,,,,,,vp,正在:~睡觉
暂,zan4,,,,,,,,,这本书~借两天
暂且,zan4qie3,,,,,,,,,"暂时,姑且:这件事~搁一搁"
暂时,zan4shi2,,,,,,,,b,图书馆~停止开放
早日,zao3ri4,,,,,,,,,大家盼望这条铁路~通车
早已,zao3yi3,,,,,,,,,这件事~办好了
早早,zao3zao3,,,,,,,,,"尽早,及早:这件事该~办完它,不能再拖了/你~回去吧"
择优,ze2you1,,,,,,,,,从考生中~录取
曾,ceng2,,,,,,,,,曾经:我~找过他一回
曾经,ceng2jing1,,,,,,,,,他~两次立过战功
照例,zhao4li4,,前,,,,,,,依照惯例:春节~放假3天/~今年春节放假3天
照样,zhao4yang4,,,,,,,,,和原来一样:他每天~骑自行车上下班
照直,zhao4zhi2,,,,,,,,,有话你就~说
真,zhen1,,,,,,,,a,"实在,的确:你~考上了?/你~美/看得很~(a)"
真正,zhen1zheng4,,,,,,,,b,"的确,确实:我的老师~好"
整天,zheng3tian1,,前,,可,,,,,他~呆在家里/他~一个人
整整,zheng3zheng3,,,,可,,,,,工作~3年了/他~工作了30年
正,zheng4,,,,可,,,,abv,我~看书呢/现在~12点钟/~了~帽子(v)
正要,zheng4yao4,,,,,,,,,商店~关门
正在,zheng4zai4,,,,,,,,,他~发言/女排~进行冬季训练
执意,zhi2yi4,,,,,,,,,小孩~要去玩
直,zhi2,,,,,,,,av,她冷得~打哆嗦/列车从杭州~达北京
直截,zhi2jie2,,,,,,,,,书记~批评了小李/你~说更好
只,zhi3,,,可,可,,,,,"光,仅:他~爱好音乐;只有,仅有:会议~10天"
只不过,zhi3bu4guo4,,前,,可,,,,,~两个人/~我不愿一个人去
只顾,zhi3gu4,,,,,,,,v,~低着头干他的活儿
只管,zhi3guan3,,,,,,,,,"尽管,只顾:你有什么话~说/他~往前走"
只好,zhi3hao3,,前,可,可,,,,,"~一个人去/大家都有事,~让小李跑一趟了"
只身,zhi1shen1,,,,,,,,,你~出门要特别小心
只是,zhi3shi4,,,,,,,,c,"不过是,仅仅是:他~点点头,表示同意/他~说说罢了"
指不定,zhi3bu5ding4,,前,,,,,,,"单说必带""呢""/说不定:~他走了"
至,zhi4,,,,,,,,pv,"最,极:~迟下个星期三一定赶到/这条路北~北京,南~武汉(v)/~本月5号结束(p)"
至此,zhi4ci3,,前,,,,,,,"~,我才了解问题所在"
至多,zhi4duo1,,前,,可,,,,,"单说时要带上""呢""/看上去~30岁/~他比我大一两岁/~是局长"
至今,zhi4jin1,,前,,,,,,,~我们还未定合同
至少,zhi4shao3,,前,,可,,,,,"单说时要带上""呢""/事先,~你应该和我商量一下/这笔费用~3万元"
终,zhong1,,,,,,,,,"学习持之以恒,~必有所成就/事情~会水落石出"
终归,zhong1gui1,,前,,,,,,,"你也不必强留,~他是要走的"
终究,zhong1jiu1,,前,,,,,,,一个人的能力~有限/~我还是要回来的
终年,zhong1nian2,,,,,,,,,"在那个时候,我们~挨饿"
终于,zhong1yu2,,前,,,,连,,,"到底:问题~解决了/~,我们自己的人造卫星上天了"
衷心,zhong1xin1,,,,,,,,b,我们~拥护共产党/~的祝福
重,chong2,,,,,,,,q,~上井冈山/一~山(q)
重点,zhong4dian3,,,,,,,,n,我们要~发展工业
重新,chong2xin1,,,,,,,,,他愿~做人/~安排他的工作
骤,zhou4,,,,,,,,,天气~变/狂风~起
骤然,zhou4ran2,,,,,,,,,会场内~响起了一阵热烈的掌声
逐步,zhu2bu4,,,,,,,,,我国~发展海洋事业/对问题的认识~深入
逐个,zhu2ge4,,,,,,,,,出厂产品要~检查/~清点
逐级,zhu2ji2,,,,,,,,,腐败现象要~清理
逐渐,zhu2jian4,,,,,,,,,他的身体~好起来/河床~淤积
逐日,zhu2ri4,,,,,,,,,产品质量~上升/废品率~下降
逐一,zhu2yi1,,,,,,,,,这几个问题要求~举例说明
主要,zhu3yao4,,,,,,,,b,"解决能源问题,目前~开采石油、利用水利资源、……。"
专,zhuan1,,,,,,,,a,这家商店~买皮货/他在业务上很~(a)
专程,zhuan1cheng2,,,,,,,,,~去看望
专门,zhuan1men2,,,,,,,,b,他是~研究土壤学的
转瞬,zhuan3shun4,,,,,,,,,国庆节~就要到了
转眼,zhuan3yan3,,前,,,,,,,~他已经大学毕业了
谆谆,zhun1zhun1,,,,,,,,b,"老一辈无产阶级革命家,~告诫中国人民……"
准,zhun3,,,,,,,,ahv,他~没来/~宾语(h)
准保,zhun3bao3,,前,,,,,,,~他走了
酌情,zhuo2qing2,,,,,,,,,你~处理吧
着实,zhuo2shi2,,,,,,,,a,"实在,确实:这几个字~写得不错/话语很~(a)"
着意,zhuo2yi4,,,,,,,,,用心:他~经营小百货
自,zi4,,,,,,,,pr,当然:将来~有好处
自动,zi4dong4,,,,,,,,b,同学们~来帮忙
自发,zi4fa1,,,,,,,,b,同学们~参加绿化劳动
自古,zi4gu3,,,,,,,,,~无人问津
自然,zi4ran2,,,,,,,,n,"当然,一定:学校~关心教学改革"
自行,zi4xing2,,,,,,,,b,自己的事~处理
总,zong3,,,,,,,,b,一定:~有一天;一直:他~按时起床;毕竟:集体的力量~比个人的力量大
总共,zong3gong4,,,,可,,,,,合计:我校学生~有一万多人/春节休假~21天
总归,zong3gui1,,前,,,,,,,"不管技术多复杂,~我们是能掌握的/事实~是事实,你不能不承认"
总是,zong3shi4,,前,,可,,,,,家里~两个人/~我一个人去
总算,zong3suan4,,,,,,,,,今天~晴了/我~赶上这班车了
纵情,zong4qing2,,,,,,,,,大家~歌唱社会主义好
足,zu2,,,,,,,DD,a,这棵菜~有10几斤
足以,zu2yi3,,,,,,,,,"充分,完全:以上事实,~说明他是一位好青年"
足足,zu2zu2,,,,可,,,,,这件行李~有20公斤/我在这里等了~一小时
最,zui4,,,,,,,DD,,这个算法~简便/每个班~少去5个人
最终,zui4zhong1,,前,,,,,,b,~他一无所有/~目的(b)
